site,card_name,cert_number,pull_id,pulled_at_utc
Collector Crypt,2003 #H28 Tyranitar-Holo PSA 8 Aquapolis,125366133,cc-003402,2026-06-29T12:56:45.780Z
Collector Crypt,2003 #H28 Tyranitar-Holo PSA 8 Aquapolis,125366133,cc-003639,2026-06-29T18:40:43.840Z
Collector Crypt,2003 #H28 Tyranitar-Holo PSA 8 Aquapolis,125366133,cc-003889,2026-06-29T22:13:55.811Z
Collector Crypt,2003 #H28 Tyranitar-Holo PSA 8 Aquapolis,125366133,cc-004048,2026-06-30T02:34:49.334Z
Collector Crypt,2003 #H28 Tyranitar-Holo PSA 8 Aquapolis,125366133,cc-005314,2026-07-01T05:27:05.018Z
Collector Crypt,2003 #H28 Tyranitar-Holo PSA 8 Aquapolis,125366133,cc-005514,2026-07-01T06:20:00.466Z
Collector Crypt,2003 #H28 Tyranitar-Holo PSA 8 Aquapolis,125366133,cc-006063,2026-07-01T08:45:51.215Z
Collector Crypt,2003 #H28 Tyranitar-Holo PSA 8 Aquapolis,125366133,cc-012867,2026-07-06T14:47:10.019Z
Collector Crypt,2003 #H28 Tyranitar-Holo PSA 8 Aquapolis,125366133,cc-014401,2026-07-07T00:58:09.519Z
Collector Crypt,2003 #H28 Tyranitar-Holo PSA 8 Aquapolis,125366133,cc-018718,2026-07-09T04:32:42.206Z
Collector Crypt,2003 #H28 Tyranitar-Holo PSA 8 Aquapolis,125366133,cc-020096,2026-07-10T05:10:17.270Z
Collector Crypt,2003 #H28 Tyranitar-Holo PSA 8 Aquapolis,125366133,cc-020838,2026-07-10T21:39:06.960Z
Collector Crypt,2003 #H28 Tyranitar-Holo PSA 8 Aquapolis,125366133,cc-021889,2026-07-12T12:24:08.837Z
Collector Crypt,2003 #H28 Tyranitar-Holo PSA 8 Aquapolis,125366133,cc-024654,2026-07-13T19:10:42.932Z
Collector Crypt,2003 #H28 Tyranitar-Holo PSA 8 Aquapolis,125366133,cc-028205,2026-07-15T09:22:26.724Z
Collector Crypt,2003 #H28 Tyranitar-Holo PSA 8 Aquapolis,125366133,cc-029696,2026-07-16T06:41:50.362Z
Collector Crypt,2003 #H28 Tyranitar-Holo PSA 8 Aquapolis,125366133,cc-030912,2026-07-17T01:59:40.809Z
Collector Crypt,2003 #H28 Tyranitar-Holo PSA 8 Aquapolis,125366133,cc-031580,2026-07-17T07:53:49.925Z
Collector Crypt,2003 #H28 Tyranitar-Holo PSA 8 Aquapolis,125366133,cc-033748,2026-07-19T04:24:13.826Z
Collector Crypt,2003 #H28 Tyranitar-Holo PSA 8 Aquapolis,125366133,cc-034290,2026-07-19T05:55:43.614Z
Collector Crypt,2003 #H28 Tyranitar-Holo PSA 8 Aquapolis,125366133,cc-037565,2026-07-22T10:20:24.835Z
Collector Crypt,2003 #H28 Tyranitar-Holo PSA 8 Aquapolis,125366133,cc-037902,2026-07-22T12:28:28.083Z
Collector Crypt,2003 #H28 Tyranitar-Holo PSA 8 Aquapolis,125366133,cc-038053,2026-07-22T13:28:36.218Z
Collector Crypt,2003 #H28 Tyranitar-Holo PSA 8 Aquapolis,125366133,cc-049545,2026-07-30T17:26:24.085Z
Collector Crypt,2003 #H28 Tyranitar-Holo PSA 8 Aquapolis,125366133,cc-052150,2026-08-02T06:50:58.550Z
Collector Crypt,2003 #H28 Tyranitar-Holo PSA 8 Aquapolis,125366133,cc-053288,2026-08-02T22:37:52.173Z
Collector Crypt,2003 #H28 Tyranitar-Holo PSA 8 Aquapolis,125366133,cc-053725,2026-08-03T02:58:27.931Z
Collector Crypt,2003 #H28 Tyranitar-Holo PSA 8 Aquapolis,125366133,cc-053772,2026-08-03T03:14:18.382Z
Collector Crypt,2003 #H28 Tyranitar-Holo PSA 8 Aquapolis,125366133,cc-053928,2026-08-03T04:41:17.050Z
Collector Crypt,2003 #H28 Tyranitar-Holo PSA 8 Aquapolis,125366133,cc-054688,2026-08-03T12:08:38.648Z
Collector Crypt,2003 #H28 Tyranitar-Holo PSA 8 Aquapolis,125366133,cc-054884,2026-08-03T13:28:10.744Z
Collector Crypt,2003 #H28 Tyranitar-Holo PSA 8 Aquapolis,125366133,cc-055053,2026-08-03T14:02:38.267Z
Collector Crypt,2003 #H28 Tyranitar-Holo PSA 8 Aquapolis,125366133,cc-056767,2026-08-05T18:16:15.863Z
Collector Crypt,2003 #H28 Tyranitar-Holo PSA 8 Aquapolis,125366133,cc-056771,2026-08-05T18:16:51.626Z
Collector Crypt,2003 #H28 Tyranitar-Holo PSA 8 Aquapolis,125366133,cc-057091,2026-08-05T23:40:34.433Z
Collector Crypt,2003 #H28 Tyranitar-Holo PSA 8 Aquapolis,125366133,cc-057162,2026-08-06T00:35:31.778Z
Collector Crypt,2003 #H28 Tyranitar-Holo PSA 8 Aquapolis,125366133,cc-057383,2026-08-06T05:24:15.232Z
Collector Crypt,2003 #H28 Tyranitar-Holo PSA 8 Aquapolis,125366133,cc-057789,2026-08-06T16:53:44.302Z
Collector Crypt,2003 #H28 Tyranitar-Holo PSA 8 Aquapolis,125366133,cc-058401,2026-08-06T18:14:06.957Z
Collector Crypt,2003 #H28 Tyranitar-Holo PSA 8 Aquapolis,125366133,cc-059356,2026-08-07T19:12:38.151Z
Collector Crypt,2003 #H28 Tyranitar-Holo PSA 8 Aquapolis,125366133,cc-060055,2026-08-08T05:42:37.038Z
Collector Crypt,2003 #H28 Tyranitar-Holo PSA 8 Aquapolis,125366133,cc-060760,2026-08-09T04:25:35.554Z
Collector Crypt,2003 #H28 Tyranitar-Holo PSA 8 Aquapolis,125366133,cc-062361,2026-08-11T01:40:19.473Z
Collector Crypt,2003 #H28 Tyranitar-Holo PSA 8 Aquapolis,125366133,cc-063114,2026-08-11T17:31:41.440Z
Collector Crypt,2003 #H28 Tyranitar-Holo PSA 8 Aquapolis,125366133,cc-063685,2026-08-12T02:28:34.201Z
Collector Crypt,2003 #H28 Tyranitar-Holo PSA 8 Aquapolis,125366133,cc-064399,2026-08-12T22:58:03.820Z
Collector Crypt,2003 #H28 Tyranitar-Holo PSA 8 Aquapolis,125366133,cc-064633,2026-08-13T07:08:53.915Z
Collector Crypt,2003 #H28 Tyranitar-Holo PSA 8 Aquapolis,125366133,cc-064779,2026-08-13T08:05:26.858Z
Collector Crypt,2003 #H28 Tyranitar-Holo PSA 8 Aquapolis,125366133,cc-065111,2026-08-13T18:52:33.479Z
Collector Crypt,2003 #H28 Tyranitar-Holo PSA 8 Aquapolis,125366133,cc-067387,2026-08-16T21:57:25.776Z
Collector Crypt,2003 #H28 Tyranitar-Holo PSA 8 Aquapolis,125366133,cc-067718,2026-08-17T15:32:25.703Z
Collector Crypt,2003 #H28 Tyranitar-Holo PSA 8 Aquapolis,125366133,cc-068136,2026-08-18T06:39:57.442Z
Collector Crypt,2003 #H28 Tyranitar-Holo PSA 8 Aquapolis,125366133,cc-068169,2026-08-18T06:49:43.096Z
Collector Crypt,2003 #H28 Tyranitar-Holo PSA 8 Aquapolis,125366133,cc-068383,2026-08-18T15:25:05.056Z
Collector Crypt,2003 #H28 Tyranitar-Holo PSA 8 Aquapolis,125366133,cc-068842,2026-08-19T01:10:17.273Z
Collector Crypt,2003 #H28 Tyranitar-Holo PSA 8 Aquapolis,125366133,cc-070222,2026-08-20T04:16:49.690Z
Collector Crypt,2003 #H28 Tyranitar-Holo PSA 8 Aquapolis,125366133,cc-072739,2026-08-23T10:50:12.807Z
Collector Crypt,2003 #H28 Tyranitar-Holo PSA 8 Aquapolis,125366133,cc-073781,2026-08-25T02:00:13.401Z
Collector Crypt,2003 #H28 Tyranitar-Holo PSA 8 Aquapolis,125366133,cc-075506,2026-08-26T13:42:54.610Z
Collector Crypt,2003 #H28 Tyranitar-Holo PSA 8 Aquapolis,125366133,cc-077970,2026-08-28T22:50:49.456Z
Collector Crypt,2003 #H28 Tyranitar-Holo PSA 8 Aquapolis,125366133,cc-079115,2026-09-02T16:38:16.231Z
Collector Crypt,2003 #H28 Tyranitar-Holo PSA 8 Aquapolis,125366133,cc-079892,2026-09-05T07:54:43.883Z
Collector Crypt,2003 #H28 Tyranitar-Holo PSA 8 Aquapolis,125366133,cc-079946,2026-09-05T10:35:21.148Z
Collector Crypt,2003 #H28 Tyranitar-Holo PSA 8 Aquapolis,125366133,cc-080420,2026-09-06T08:09:01.253Z
Collector Crypt,2003 #H28 Tyranitar-Holo PSA 8 Aquapolis,125366133,cc-080949,2026-09-07T15:54:42.779Z
Collector Crypt,2003 #H28 Tyranitar-Holo PSA 8 Aquapolis,125366133,cc-081461,2026-09-08T02:05:56.786Z
Collector Crypt,2003 #H28 Tyranitar-Holo PSA 8 Aquapolis,125366133,cc-082032,2026-09-10T19:43:47.591Z
Collector Crypt,2003 #H28 Tyranitar-Holo PSA 8 Aquapolis,125366133,cc-082065,2026-09-10T19:57:02.732Z
Collector Crypt,2003 #H28 Tyranitar-Holo PSA 8 Aquapolis,125366133,cc-082066,2026-09-10T19:57:09.644Z
Collector Crypt,2003 #H28 Tyranitar-Holo PSA 8 Aquapolis,125366133,cc-082241,2026-09-11T04:33:35.205Z
Collector Crypt,2003 #H28 Tyranitar-Holo PSA 8 Aquapolis,125366133,cc-082505,2026-09-11T12:26:26.798Z
Collector Crypt,2003 #H28 Tyranitar-Holo PSA 8 Aquapolis,125366133,cc-083327,2026-09-12T21:03:02.108Z
Collector Crypt,2003 #H28 Tyranitar-Holo PSA 8 Aquapolis,125366133,cc-083543,2026-09-13T05:25:46.383Z
Collector Crypt,2003 #H28 Tyranitar-Holo PSA 8 Aquapolis,125366133,cc-083640,2026-09-13T07:38:09.810Z
Collector Crypt,2003 #H28 Tyranitar-Holo PSA 8 Aquapolis,125366133,cc-084322,2026-09-13T16:31:03.309Z
Collector Crypt,2003 #H28 Tyranitar-Holo PSA 8 Aquapolis,125366133,cc-084791,2026-09-13T22:12:50.364Z
Collector Crypt,2003 #H28 Tyranitar-Holo PSA 8 Aquapolis,125366133,cc-084842,2026-09-13T22:41:12.058Z
Collector Crypt,2003 #H28 Tyranitar-Holo PSA 8 Aquapolis,125366133,cc-084927,2026-09-13T23:29:23.741Z
Collector Crypt,2003 #H28 Tyranitar-Holo PSA 8 Aquapolis,125366133,cc-086098,2026-09-15T09:08:22.536Z
Collector Crypt,2003 #H28 Tyranitar-Holo PSA 8 Aquapolis,125366133,cc-086707,2026-09-18T05:12:36.301Z
Collector Crypt,2003 #H28 Tyranitar-Holo PSA 8 Aquapolis,125366133,cc-088031,2026-09-20T12:32:43.785Z
Collector Crypt,2003 #H28 Tyranitar-Holo PSA 8 Aquapolis,125366133,cc-088198,2026-09-21T04:41:42.015Z
Collector Crypt,2003 #H28 Tyranitar-Holo PSA 8 Aquapolis,125366133,cc-088223,2026-09-21T05:39:04.000Z
Collector Crypt,2003 #H28 Tyranitar-Holo PSA 8 Aquapolis,125366133,cc-088359,2026-09-21T07:55:37.263Z
Collector Crypt,2003 #H28 Tyranitar-Holo PSA 8 Aquapolis,125366133,cc-088415,2026-09-21T08:14:32.744Z
Collector Crypt,2003 #H28 Tyranitar-Holo PSA 8 Aquapolis,125366133,cc-089296,2026-09-21T14:12:43.175Z
Collector Crypt,2003 #H28 Tyranitar-Holo PSA 8 Aquapolis,125366133,cc-089832,2026-09-21T23:16:43.462Z
Collector Crypt,2003 #H28 Tyranitar-Holo PSA 8 Aquapolis,125366133,cc-090263,2026-09-22T13:34:17.146Z
Collector Crypt,2003 #H28 Tyranitar-Holo PSA 8 Aquapolis,125366133,cc-090342,2026-09-22T14:37:50.132Z
Collector Crypt,2003 #H28 Tyranitar-Holo PSA 8 Aquapolis,125366133,cc-090856,2026-09-23T02:00:39.700Z
Collector Crypt,2003 #H28 Tyranitar-Holo PSA 8 Aquapolis,125366133,cc-090999,2026-09-23T04:39:33.311Z
Collector Crypt,2003 #H28 Tyranitar-Holo PSA 8 Aquapolis,125366133,cc-091022,2026-09-23T06:02:39.411Z
Collector Crypt,2003 #H28 Tyranitar-Holo PSA 8 Aquapolis,125366133,cc-092365,2026-09-24T09:01:10.579Z
Collector Crypt,2003 #H28 Tyranitar-Holo PSA 8 Aquapolis,125366133,cc-095166,2026-09-27T12:44:39.843Z
Collector Crypt,2003 #H28 Tyranitar-Holo PSA 8 Aquapolis,125366133,cc-095591,2026-09-27T21:22:09.730Z
Collector Crypt,2003 #H28 Tyranitar-Holo PSA 8 Aquapolis,125366133,cc-096487,2026-09-28T18:18:28.601Z
Collector Crypt,2003 #H28 Tyranitar-Holo PSA 8 Aquapolis,125366133,cc-096849,2026-09-28T23:35:31.408Z
Collector Crypt,2003 #H28 Tyranitar-Holo PSA 8 Aquapolis,125366133,cc-096914,2026-09-29T00:16:04.853Z
Collector Crypt,2003 #H28 Tyranitar-Holo PSA 8 Aquapolis,125366133,cc-096917,2026-09-29T00:16:59.316Z
Collector Crypt,2003 #H28 Tyranitar-Holo PSA 8 Aquapolis,125366133,cc-097494,2026-09-29T13:08:39.821Z
Collector Crypt,2003 #H28 Tyranitar-Holo PSA 8 Aquapolis,125366133,cc-098737,2026-09-29T22:01:45.760Z
Collector Crypt,2003 #H28 Tyranitar-Holo PSA 8 Aquapolis,125366133,cc-099312,2026-09-30T10:49:44.408Z
Collector Crypt,2003 #H28 Tyranitar-Holo PSA 8 Aquapolis,125366133,cc-099613,2026-09-30T18:23:56.662Z
Collector Crypt,2003 #H28 Tyranitar-Holo PSA 8 Aquapolis,125366133,cc-099769,2026-09-30T20:21:29.522Z
Collector Crypt,2003 #H28 Tyranitar-Holo PSA 8 Aquapolis,125366133,cc-099802,2026-09-30T20:31:47.385Z
Phygitals,2000 Pokemon Chinese Base Set 1st Edition Holo Raichu #14 PSA 8 NM-MT,47760723,ph-000233,2026-06-27T10:42:51.050Z
Phygitals,2000 Pokemon Chinese Base Set 1st Edition Holo Raichu #14 PSA 8 NM-MT,47760723,ph-000550,2026-06-28T00:08:22.671Z
Phygitals,2000 Pokemon Chinese Base Set 1st Edition Holo Raichu #14 PSA 8 NM-MT,47760723,ph-001095,2026-06-29T12:59:26.116Z
Phygitals,2000 Pokemon Chinese Base Set 1st Edition Holo Raichu #14 PSA 8 NM-MT,47760723,ph-001813,2026-06-30T16:54:08.742Z
Phygitals,2000 Pokemon Chinese Base Set 1st Edition Holo Raichu #14 PSA 8 NM-MT,47760723,ph-001817,2026-06-30T16:56:00.819Z
Phygitals,2000 Pokemon Chinese Base Set 1st Edition Holo Raichu #14 PSA 8 NM-MT,47760723,ph-002086,2026-07-01T04:00:05.801Z
Phygitals,2000 Pokemon Chinese Base Set 1st Edition Holo Raichu #14 PSA 8 NM-MT,47760723,ph-002514,2026-07-02T12:55:45.149Z
Phygitals,2000 Pokemon Chinese Base Set 1st Edition Holo Raichu #14 PSA 8 NM-MT,47760723,ph-002516,2026-07-02T12:56:29.962Z
Phygitals,2000 Pokemon Chinese Base Set 1st Edition Holo Raichu #14 PSA 8 NM-MT,47760723,ph-002819,2026-07-02T21:48:11.829Z
Phygitals,2000 Pokemon Chinese Base Set 1st Edition Holo Raichu #14 PSA 8 NM-MT,47760723,ph-004329,2026-07-05T02:24:08.450Z
Phygitals,2000 Pokemon Chinese Base Set 1st Edition Holo Raichu #14 PSA 8 NM-MT,47760723,ph-004332,2026-07-05T02:24:20.801Z
Phygitals,2000 Pokemon Chinese Base Set 1st Edition Holo Raichu #14 PSA 8 NM-MT,47760723,ph-004353,2026-07-05T02:25:37.081Z
Phygitals,2000 Pokemon Chinese Base Set 1st Edition Holo Raichu #14 PSA 8 NM-MT,47760723,ph-004593,2026-07-05T20:52:55.103Z
Phygitals,2000 Pokemon Chinese Base Set 1st Edition Holo Raichu #14 PSA 8 NM-MT,47760723,ph-005877,2026-07-08T01:52:13.666Z
Phygitals,2000 Pokemon Chinese Base Set 1st Edition Holo Raichu #14 PSA 8 NM-MT,47760723,ph-008314,2026-07-13T15:44:21.275Z
Phygitals,2000 Pokemon Chinese Base Set 1st Edition Holo Raichu #14 PSA 8 NM-MT,47760723,ph-008554,2026-07-14T05:10:41.551Z
Phygitals,2000 Pokemon Chinese Base Set 1st Edition Holo Raichu #14 PSA 8 NM-MT,47760723,ph-009421,2026-07-16T17:31:41.028Z
Phygitals,2000 Pokemon Chinese Base Set 1st Edition Holo Raichu #14 PSA 8 NM-MT,47760723,ph-009631,2026-07-17T06:18:03.925Z
Phygitals,2000 Pokemon Chinese Base Set 1st Edition Holo Raichu #14 PSA 8 NM-MT,47760723,ph-010163,2026-07-19T00:56:36.132Z
Phygitals,2000 Pokemon Chinese Base Set 1st Edition Holo Raichu #14 PSA 8 NM-MT,47760723,ph-010960,2026-07-22T00:23:11.725Z
Phygitals,2000 Pokemon Chinese Base Set 1st Edition Holo Raichu #14 PSA 8 NM-MT,47760723,ph-011469,2026-07-23T05:28:06.507Z
Phygitals,2000 Pokemon Chinese Base Set 1st Edition Holo Raichu #14 PSA 8 NM-MT,47760723,ph-011544,2026-07-23T14:44:13.334Z
Phygitals,2000 Pokemon Chinese Base Set 1st Edition Holo Raichu #14 PSA 8 NM-MT,47760723,ph-012541,2026-07-26T01:02:13.649Z
Phygitals,2000 Pokemon Chinese Base Set 1st Edition Holo Raichu #14 PSA 8 NM-MT,47760723,ph-013695,2026-07-30T23:41:09.721Z
Phygitals,2000 Pokemon Chinese Base Set 1st Edition Holo Raichu #14 PSA 8 NM-MT,47760723,ph-013957,2026-07-31T14:36:00.530Z
Phygitals,2000 Pokemon Chinese Base Set 1st Edition Holo Raichu #14 PSA 8 NM-MT,47760723,ph-014702,2026-08-01T21:47:49.353Z
Phygitals,2000 Pokemon Chinese Base Set 1st Edition Holo Raichu #14 PSA 8 NM-MT,47760723,ph-014708,2026-08-01T21:50:31.740Z
Phygitals,2000 Pokemon Chinese Base Set 1st Edition Holo Raichu #14 PSA 8 NM-MT,47760723,ph-015310,2026-08-03T17:28:36.478Z
Phygitals,2000 Pokemon Chinese Base Set 1st Edition Holo Raichu #14 PSA 8 NM-MT,47760723,ph-015412,2026-08-03T22:02:22.061Z
Phygitals,2000 Pokemon Chinese Base Set 1st Edition Holo Raichu #14 PSA 8 NM-MT,47760723,ph-015693,2026-08-06T01:25:50.599Z
Phygitals,2000 Pokemon Chinese Base Set 1st Edition Holo Raichu #14 PSA 8 NM-MT,47760723,ph-015732,2026-08-06T02:38:25.274Z
Phygitals,2000 Pokemon Chinese Base Set 1st Edition Holo Raichu #14 PSA 8 NM-MT,47760723,ph-016154,2026-08-07T00:24:12.063Z
Phygitals,2000 Pokemon Chinese Base Set 1st Edition Holo Raichu #14 PSA 8 NM-MT,47760723,ph-016232,2026-08-07T03:30:22.184Z
Phygitals,2000 Pokemon Chinese Base Set 1st Edition Holo Raichu #14 PSA 8 NM-MT,47760723,ph-016262,2026-08-07T05:20:32.942Z
Phygitals,2000 Pokemon Chinese Base Set 1st Edition Holo Raichu #14 PSA 8 NM-MT,47760723,ph-016466,2026-08-07T15:01:56.629Z
Phygitals,2000 Pokemon Chinese Base Set 1st Edition Holo Raichu #14 PSA 8 NM-MT,47760723,ph-016520,2026-08-07T16:53:35.737Z
Phygitals,2000 Pokemon Chinese Base Set 1st Edition Holo Raichu #14 PSA 8 NM-MT,47760723,ph-016976,2026-08-09T03:10:55.784Z
Phygitals,2000 Pokemon Chinese Base Set 1st Edition Holo Raichu #14 PSA 8 NM-MT,47760723,ph-017334,2026-08-10T01:32:54.016Z
Phygitals,2000 Pokemon Chinese Base Set 1st Edition Holo Raichu #14 PSA 8 NM-MT,47760723,ph-018160,2026-08-11T22:09:15.530Z
Phygitals,2000 Pokemon Chinese Base Set 1st Edition Holo Raichu #14 PSA 8 NM-MT,47760723,ph-018221,2026-08-11T22:32:36.337Z
Phygitals,2000 Pokemon Chinese Base Set 1st Edition Holo Raichu #14 PSA 8 NM-MT,47760723,ph-018607,2026-08-12T03:43:05.980Z
Phygitals,2000 Pokemon Chinese Base Set 1st Edition Holo Raichu #14 PSA 8 NM-MT,47760723,ph-018714,2026-08-12T13:25:52.668Z
Phygitals,2000 Pokemon Chinese Base Set 1st Edition Holo Raichu #14 PSA 8 NM-MT,47760723,ph-018981,2026-08-13T08:33:29.635Z
Phygitals,2000 Pokemon Chinese Base Set 1st Edition Holo Raichu #14 PSA 8 NM-MT,47760723,ph-019791,2026-08-15T09:59:08.683Z
Phygitals,2000 Pokemon Chinese Base Set 1st Edition Holo Raichu #14 PSA 8 NM-MT,47760723,ph-020194,2026-08-16T08:34:24.824Z
Phygitals,2000 Pokemon Chinese Base Set 1st Edition Holo Raichu #14 PSA 8 NM-MT,47760723,ph-020321,2026-08-16T20:02:58.116Z
Phygitals,2000 Pokemon Chinese Base Set 1st Edition Holo Raichu #14 PSA 8 NM-MT,47760723,ph-020324,2026-08-16T20:04:35.047Z
Phygitals,2000 Pokemon Chinese Base Set 1st Edition Holo Raichu #14 PSA 8 NM-MT,47760723,ph-020386,2026-08-16T23:26:22.251Z
Phygitals,2000 Pokemon Chinese Base Set 1st Edition Holo Raichu #14 PSA 8 NM-MT,47760723,ph-020419,2026-08-17T00:55:48.610Z
Phygitals,2000 Pokemon Chinese Base Set 1st Edition Holo Raichu #14 PSA 8 NM-MT,47760723,ph-020618,2026-08-17T17:58:57.662Z
Phygitals,2000 Pokemon Chinese Base Set 1st Edition Holo Raichu #14 PSA 8 NM-MT,47760723,ph-020629,2026-08-17T18:02:37.110Z
Phygitals,2000 Pokemon Chinese Base Set 1st Edition Holo Raichu #14 PSA 8 NM-MT,47760723,ph-020756,2026-08-17T19:34:19.590Z
Phygitals,2000 Pokemon Chinese Base Set 1st Edition Holo Raichu #14 PSA 8 NM-MT,47760723,ph-020826,2026-08-17T23:54:39.461Z
Phygitals,2000 Pokemon Chinese Base Set 1st Edition Holo Raichu #14 PSA 8 NM-MT,47760723,ph-021033,2026-08-18T10:31:03.112Z
Phygitals,2000 Pokemon Chinese Base Set 1st Edition Holo Raichu #14 PSA 8 NM-MT,47760723,ph-021294,2026-08-18T23:37:10.755Z
Phygitals,2000 Pokemon Chinese Base Set 1st Edition Holo Raichu #14 PSA 8 NM-MT,47760723,ph-021296,2026-08-18T23:37:46.977Z
Phygitals,2000 Pokemon Chinese Base Set 1st Edition Holo Raichu #14 PSA 8 NM-MT,47760723,ph-021386,2026-08-19T05:07:00.771Z
Phygitals,2000 Pokemon Chinese Base Set 1st Edition Holo Raichu #14 PSA 8 NM-MT,47760723,ph-021497,2026-08-19T13:36:56.625Z
Phygitals,2000 Pokemon Chinese Base Set 1st Edition Holo Raichu #14 PSA 8 NM-MT,47760723,ph-021940,2026-08-20T20:56:18.934Z
Phygitals,2000 Pokemon Chinese Base Set 1st Edition Holo Raichu #14 PSA 8 NM-MT,47760723,ph-024806,2026-08-25T20:18:01.413Z
Phygitals,2000 Pokemon Chinese Base Set 1st Edition Holo Raichu #14 PSA 8 NM-MT,47760723,ph-024968,2026-08-26T04:28:48.248Z
Phygitals,2000 Pokemon Chinese Base Set 1st Edition Holo Raichu #14 PSA 8 NM-MT,47760723,ph-025149,2026-08-26T12:44:47.132Z
Phygitals,2000 Pokemon Chinese Base Set 1st Edition Holo Raichu #14 PSA 8 NM-MT,47760723,ph-025276,2026-08-26T18:37:45.242Z
Phygitals,2000 Pokemon Chinese Base Set 1st Edition Holo Raichu #14 PSA 8 NM-MT,47760723,ph-025507,2026-08-27T06:32:23.046Z
Phygitals,2000 Pokemon Chinese Base Set 1st Edition Holo Raichu #14 PSA 8 NM-MT,47760723,ph-025560,2026-08-27T06:40:12.803Z
Phygitals,2000 Pokemon Chinese Base Set 1st Edition Holo Raichu #14 PSA 8 NM-MT,47760723,ph-025571,2026-08-27T06:41:01.062Z
Phygitals,2000 Pokemon Chinese Base Set 1st Edition Holo Raichu #14 PSA 8 NM-MT,47760723,ph-025693,2026-08-27T06:56:38.455Z
Phygitals,2000 Pokemon Chinese Base Set 1st Edition Holo Raichu #14 PSA 8 NM-MT,47760723,ph-025707,2026-08-27T06:58:02.527Z
Phygitals,2000 Pokemon Chinese Base Set 1st Edition Holo Raichu #14 PSA 8 NM-MT,47760723,ph-026618,2026-08-28T18:57:23.079Z
Phygitals,2000 Pokemon Chinese Base Set 1st Edition Holo Raichu #14 PSA 8 NM-MT,47760723,ph-027922,2026-09-01T20:24:54.239Z
Phygitals,2000 Pokemon Chinese Base Set 1st Edition Holo Raichu #14 PSA 8 NM-MT,47760723,ph-028813,2026-09-03T09:52:02.799Z
Phygitals,2000 Pokemon Chinese Base Set 1st Edition Holo Raichu #14 PSA 8 NM-MT,47760723,ph-028955,2026-09-03T15:36:33.661Z
Phygitals,2000 Pokemon Chinese Base Set 1st Edition Holo Raichu #14 PSA 8 NM-MT,47760723,ph-029056,2026-09-03T18:43:43.280Z
Phygitals,2000 Pokemon Chinese Base Set 1st Edition Holo Raichu #14 PSA 8 NM-MT,47760723,ph-029388,2026-09-04T09:34:47.779Z
Phygitals,2000 Pokemon Chinese Base Set 1st Edition Holo Raichu #14 PSA 8 NM-MT,47760723,ph-029389,2026-09-04T09:35:52.319Z
Phygitals,2000 Pokemon Chinese Base Set 1st Edition Holo Raichu #14 PSA 8 NM-MT,47760723,ph-029495,2026-09-04T14:57:38.506Z
Phygitals,2000 Pokemon Chinese Base Set 1st Edition Holo Raichu #14 PSA 8 NM-MT,47760723,ph-029587,2026-09-04T17:31:10.191Z
Phygitals,2000 Pokemon Chinese Base Set 1st Edition Holo Raichu #14 PSA 8 NM-MT,47760723,ph-029937,2026-09-05T14:29:28.601Z
Phygitals,2000 Pokemon Chinese Base Set 1st Edition Holo Raichu #14 PSA 8 NM-MT,47760723,ph-030173,2026-09-06T05:16:57.807Z
Phygitals,2000 Pokemon Chinese Base Set 1st Edition Holo Raichu #14 PSA 8 NM-MT,47760723,ph-030475,2026-09-06T21:30:09.376Z
Phygitals,2000 Pokemon Chinese Base Set 1st Edition Holo Raichu #14 PSA 8 NM-MT,47760723,ph-031015,2026-09-07T14:21:25.867Z
Phygitals,2000 Pokemon Chinese Base Set 1st Edition Holo Raichu #14 PSA 8 NM-MT,47760723,ph-031787,2026-09-08T10:39:36.273Z
Phygitals,2000 Pokemon Chinese Base Set 1st Edition Holo Raichu #14 PSA 8 NM-MT,47760723,ph-031802,2026-09-08T11:27:58.081Z
Phygitals,2000 Pokemon Chinese Base Set 1st Edition Holo Raichu #14 PSA 8 NM-MT,47760723,ph-032822,2026-09-11T18:44:37.002Z
Phygitals,2000 Pokemon Chinese Base Set 1st Edition Holo Raichu #14 PSA 8 NM-MT,47760723,ph-033337,2026-09-12T21:00:44.934Z
Phygitals,2000 Pokemon Chinese Base Set 1st Edition Holo Raichu #14 PSA 8 NM-MT,47760723,ph-033519,2026-09-13T12:18:55.256Z
Phygitals,2000 Pokemon Chinese Base Set 1st Edition Holo Raichu #14 PSA 8 NM-MT,47760723,ph-033903,2026-09-14T16:32:36.933Z
Phygitals,2000 Pokemon Chinese Base Set 1st Edition Holo Raichu #14 PSA 8 NM-MT,47760723,ph-033997,2026-09-14T21:28:33.812Z
Phygitals,2000 Pokemon Chinese Base Set 1st Edition Holo Raichu #14 PSA 8 NM-MT,47760723,ph-034362,2026-09-15T10:50:46.883Z
Phygitals,2000 Pokemon Chinese Base Set 1st Edition Holo Raichu #14 PSA 8 NM-MT,47760723,ph-034491,2026-09-15T19:51:11.753Z
Phygitals,2000 Pokemon Chinese Base Set 1st Edition Holo Raichu #14 PSA 8 NM-MT,47760723,ph-034497,2026-09-15T19:52:12.778Z
Phygitals,2000 Pokemon Chinese Base Set 1st Edition Holo Raichu #14 PSA 8 NM-MT,47760723,ph-034780,2026-09-16T02:41:51.615Z
Phygitals,2000 Pokemon Chinese Base Set 1st Edition Holo Raichu #14 PSA 8 NM-MT,47760723,ph-035077,2026-09-16T09:55:57.132Z
Phygitals,2000 Pokemon Chinese Base Set 1st Edition Holo Raichu #14 PSA 8 NM-MT,47760723,ph-035094,2026-09-16T13:37:52.593Z
Phygitals,2000 Pokemon Chinese Base Set 1st Edition Holo Raichu #14 PSA 8 NM-MT,47760723,ph-035137,2026-09-16T14:58:03.090Z
Phygitals,2000 Pokemon Chinese Base Set 1st Edition Holo Raichu #14 PSA 8 NM-MT,47760723,ph-035209,2026-09-16T18:03:45.325Z
Phygitals,2000 Pokemon Chinese Base Set 1st Edition Holo Raichu #14 PSA 8 NM-MT,47760723,ph-035247,2026-09-16T19:00:25.696Z
Phygitals,2000 Pokemon Chinese Base Set 1st Edition Holo Raichu #14 PSA 8 NM-MT,47760723,ph-035296,2026-09-17T15:16:11.149Z
Phygitals,2000 Pokemon Chinese Base Set 1st Edition Holo Raichu #14 PSA 8 NM-MT,47760723,ph-036449,2026-09-18T23:08:19.791Z
Phygitals,2000 Pokemon Chinese Base Set 1st Edition Holo Raichu #14 PSA 8 NM-MT,47760723,ph-036769,2026-09-19T14:44:11.657Z
Phygitals,2000 Pokemon Chinese Base Set 1st Edition Holo Raichu #14 PSA 8 NM-MT,47760723,ph-037157,2026-09-20T05:15:57.978Z
Phygitals,2000 Pokemon Chinese Base Set 1st Edition Holo Raichu #14 PSA 8 NM-MT,47760723,ph-037469,2026-09-20T17:28:48.324Z
Phygitals,2000 Pokemon Chinese Base Set 1st Edition Holo Raichu #14 PSA 8 NM-MT,47760723,ph-037626,2026-09-21T01:24:40.883Z
Phygitals,2000 Pokemon Chinese Base Set 1st Edition Holo Raichu #14 PSA 8 NM-MT,47760723,ph-038470,2026-09-21T10:22:21.290Z
Phygitals,2000 Pokemon Chinese Base Set 1st Edition Holo Raichu #14 PSA 8 NM-MT,47760723,ph-038799,2026-09-21T13:12:26.207Z
Phygitals,2000 Pokemon Chinese Base Set 1st Edition Holo Raichu #14 PSA 8 NM-MT,47760723,ph-039721,2026-09-21T17:15:43.496Z
Phygitals,2000 Pokemon Chinese Base Set 1st Edition Holo Raichu #14 PSA 8 NM-MT,47760723,ph-039773,2026-09-21T19:16:45.553Z
Phygitals,2000 Pokemon Chinese Base Set 1st Edition Holo Raichu #14 PSA 8 NM-MT,47760723,ph-039857,2026-09-21T20:44:02.732Z
Phygitals,2000 Pokemon Chinese Base Set 1st Edition Holo Raichu #14 PSA 8 NM-MT,47760723,ph-039905,2026-09-21T20:47:38.997Z
Phygitals,2000 Pokemon Chinese Base Set 1st Edition Holo Raichu #14 PSA 8 NM-MT,47760723,ph-039910,2026-09-21T20:47:55.468Z
Phygitals,2000 Pokemon Chinese Base Set 1st Edition Holo Raichu #14 PSA 8 NM-MT,47760723,ph-039918,2026-09-21T20:48:14.211Z
Phygitals,2000 Pokemon Chinese Base Set 1st Edition Holo Raichu #14 PSA 8 NM-MT,47760723,ph-039944,2026-09-21T20:49:25.738Z
Phygitals,2000 Pokemon Chinese Base Set 1st Edition Holo Raichu #14 PSA 8 NM-MT,47760723,ph-039989,2026-09-21T20:51:13.865Z
Phygitals,2000 Pokemon Chinese Base Set 1st Edition Holo Raichu #14 PSA 8 NM-MT,47760723,ph-040002,2026-09-21T20:51:50.612Z
Phygitals,2000 Pokemon Chinese Base Set 1st Edition Holo Raichu #14 PSA 8 NM-MT,47760723,ph-040029,2026-09-21T20:53:04.444Z
Phygitals,2000 Pokemon Chinese Base Set 1st Edition Holo Raichu #14 PSA 8 NM-MT,47760723,ph-040056,2026-09-21T20:54:03.736Z
Phygitals,2000 Pokemon Chinese Base Set 1st Edition Holo Raichu #14 PSA 8 NM-MT,47760723,ph-040174,2026-09-22T01:44:06.755Z
Phygitals,2000 Pokemon Chinese Base Set 1st Edition Holo Raichu #14 PSA 8 NM-MT,47760723,ph-040207,2026-09-22T01:48:37.146Z
Phygitals,2000 Pokemon Chinese Base Set 1st Edition Holo Raichu #14 PSA 8 NM-MT,47760723,ph-040225,2026-09-22T01:50:12.982Z
Phygitals,2000 Pokemon Chinese Base Set 1st Edition Holo Raichu #14 PSA 8 NM-MT,47760723,ph-040237,2026-09-22T01:54:35.620Z
Phygitals,2000 Pokemon Chinese Base Set 1st Edition Holo Raichu #14 PSA 8 NM-MT,47760723,ph-040260,2026-09-22T01:55:48.188Z
Phygitals,2000 Pokemon Chinese Base Set 1st Edition Holo Raichu #14 PSA 8 NM-MT,47760723,ph-040383,2026-09-22T02:19:08.302Z
Phygitals,2000 Pokemon Chinese Base Set 1st Edition Holo Raichu #14 PSA 8 NM-MT,47760723,ph-040438,2026-09-22T02:53:17.093Z
Phygitals,2000 Pokemon Chinese Base Set 1st Edition Holo Raichu #14 PSA 8 NM-MT,47760723,ph-040445,2026-09-22T02:53:46.421Z
Phygitals,2000 Pokemon Chinese Base Set 1st Edition Holo Raichu #14 PSA 8 NM-MT,47760723,ph-040475,2026-09-22T03:04:00.429Z
Phygitals,2000 Pokemon Chinese Base Set 1st Edition Holo Raichu #14 PSA 8 NM-MT,47760723,ph-040549,2026-09-22T03:35:54.800Z
Phygitals,2000 Pokemon Chinese Base Set 1st Edition Holo Raichu #14 PSA 8 NM-MT,47760723,ph-040579,2026-09-22T03:42:29.532Z
Phygitals,2000 Pokemon Chinese Base Set 1st Edition Holo Raichu #14 PSA 8 NM-MT,47760723,ph-040595,2026-09-22T03:44:13.178Z
Phygitals,2000 Pokemon Chinese Base Set 1st Edition Holo Raichu #14 PSA 8 NM-MT,47760723,ph-040617,2026-09-22T03:45:10.032Z
Phygitals,2000 Pokemon Chinese Base Set 1st Edition Holo Raichu #14 PSA 8 NM-MT,47760723,ph-040625,2026-09-22T03:46:04.761Z
Phygitals,2000 Pokemon Chinese Base Set 1st Edition Holo Raichu #14 PSA 8 NM-MT,47760723,ph-040658,2026-09-22T03:52:48.638Z
Phygitals,2000 Pokemon Chinese Base Set 1st Edition Holo Raichu #14 PSA 8 NM-MT,47760723,ph-040666,2026-09-22T03:53:08.883Z
Phygitals,2000 Pokemon Chinese Base Set 1st Edition Holo Raichu #14 PSA 8 NM-MT,47760723,ph-040692,2026-09-22T03:55:43.865Z
Phygitals,2000 Pokemon Chinese Base Set 1st Edition Holo Raichu #14 PSA 8 NM-MT,47760723,ph-040700,2026-09-22T03:56:02.962Z
Phygitals,2000 Pokemon Chinese Base Set 1st Edition Holo Raichu #14 PSA 8 NM-MT,47760723,ph-040802,2026-09-22T05:41:23.854Z
Phygitals,2000 Pokemon Chinese Base Set 1st Edition Holo Raichu #14 PSA 8 NM-MT,47760723,ph-040822,2026-09-22T05:42:20.371Z
Phygitals,2000 Pokemon Chinese Base Set 1st Edition Holo Raichu #14 PSA 8 NM-MT,47760723,ph-040854,2026-09-22T05:44:00.644Z
Phygitals,2000 Pokemon Chinese Base Set 1st Edition Holo Raichu #14 PSA 8 NM-MT,47760723,ph-040861,2026-09-22T05:44:29.502Z
Phygitals,2000 Pokemon Chinese Base Set 1st Edition Holo Raichu #14 PSA 8 NM-MT,47760723,ph-040865,2026-09-22T05:44:55.025Z
Phygitals,2000 Pokemon Chinese Base Set 1st Edition Holo Raichu #14 PSA 8 NM-MT,47760723,ph-040908,2026-09-22T05:49:03.911Z
Phygitals,2000 Pokemon Chinese Base Set 1st Edition Holo Raichu #14 PSA 8 NM-MT,47760723,ph-041795,2026-09-23T17:50:34.526Z
Phygitals,2000 Pokemon Chinese Base Set 1st Edition Holo Raichu #14 PSA 8 NM-MT,47760723,ph-041808,2026-09-23T18:03:13.659Z
Phygitals,2000 Pokemon Chinese Base Set 1st Edition Holo Raichu #14 PSA 8 NM-MT,47760723,ph-042218,2026-09-24T04:45:51.521Z
Phygitals,2000 Pokemon Chinese Base Set 1st Edition Holo Raichu #14 PSA 8 NM-MT,47760723,ph-042246,2026-09-24T04:47:23.408Z
Phygitals,2000 Pokemon Chinese Base Set 1st Edition Holo Raichu #14 PSA 8 NM-MT,47760723,ph-042253,2026-09-24T04:48:47.618Z
Phygitals,2000 Pokemon Chinese Base Set 1st Edition Holo Raichu #14 PSA 8 NM-MT,47760723,ph-042260,2026-09-24T04:49:11.725Z
Phygitals,2000 Pokemon Chinese Base Set 1st Edition Holo Raichu #14 PSA 8 NM-MT,47760723,ph-042265,2026-09-24T04:49:34.291Z
Phygitals,2000 Pokemon Chinese Base Set 1st Edition Holo Raichu #14 PSA 8 NM-MT,47760723,ph-042362,2026-09-24T08:30:20.089Z
Phygitals,2000 Pokemon Chinese Base Set 1st Edition Holo Raichu #14 PSA 8 NM-MT,47760723,ph-043071,2026-09-25T13:10:27.481Z
Phygitals,2000 Pokemon Chinese Base Set 1st Edition Holo Raichu #14 PSA 8 NM-MT,47760723,ph-043235,2026-09-25T15:57:35.046Z
Phygitals,2000 Pokemon Chinese Base Set 1st Edition Holo Raichu #14 PSA 8 NM-MT,47760723,ph-043298,2026-09-25T18:01:33.600Z
Phygitals,2000 Pokemon Chinese Base Set 1st Edition Holo Raichu #14 PSA 8 NM-MT,47760723,ph-043660,2026-09-25T21:56:23.625Z
Phygitals,2000 Pokemon Chinese Base Set 1st Edition Holo Raichu #14 PSA 8 NM-MT,47760723,ph-044032,2026-09-26T17:18:06.262Z
Phygitals,2000 Pokemon Chinese Base Set 1st Edition Holo Raichu #14 PSA 8 NM-MT,47760723,ph-044046,2026-09-26T18:02:42.859Z
Phygitals,2000 Pokemon Chinese Base Set 1st Edition Holo Raichu #14 PSA 8 NM-MT,47760723,ph-044388,2026-09-27T07:16:05.101Z
Phygitals,2000 Pokemon Chinese Base Set 1st Edition Holo Raichu #14 PSA 8 NM-MT,47760723,ph-044589,2026-09-27T08:36:10.937Z
Phygitals,2000 Pokemon Chinese Base Set 1st Edition Holo Raichu #14 PSA 8 NM-MT,47760723,ph-045047,2026-09-27T23:00:19.742Z
Phygitals,2000 Pokemon Chinese Base Set 1st Edition Holo Raichu #14 PSA 8 NM-MT,47760723,ph-046036,2026-09-29T21:18:55.422Z
Phygitals,2000 Pokemon Chinese Base Set 1st Edition Holo Raichu #14 PSA 8 NM-MT,47760723,ph-046764,2026-09-30T18:03:24.585Z
Phygitals,2000 Pokemon Chinese Base Set 1st Edition Holo Raichu #14 PSA 8 NM-MT,47760723,ph-046870,2026-09-30T22:16:21.613Z
Courtyard,2002 Pokémon Legendary Collection #101 Potion Energy - Reverse Foil (PSA 9 MINT),43367620,cy-011576,2026-08-01T23:53:29.740Z
Courtyard,2002 Pokémon Legendary Collection #101 Potion Energy - Reverse Foil (PSA 9 MINT),43367620,cy-013089,2026-08-06T13:46:08.056Z
Courtyard,2002 Pokémon Legendary Collection #101 Potion Energy - Reverse Foil (PSA 9 MINT),43367620,cy-013631,2026-08-07T21:02:38.024Z
Courtyard,2002 Pokémon Legendary Collection #101 Potion Energy - Reverse Foil (PSA 9 MINT),43367620,cy-014309,2026-08-09T13:29:12.405Z
Courtyard,2002 Pokémon Legendary Collection #101 Potion Energy - Reverse Foil (PSA 9 MINT),43367620,cy-014773,2026-08-10T19:02:07.203Z
Courtyard,2002 Pokémon Legendary Collection #101 Potion Energy - Reverse Foil (PSA 9 MINT),43367620,cy-015291,2026-08-11T19:39:23.216Z
Courtyard,2002 Pokémon Legendary Collection #101 Potion Energy - Reverse Foil (PSA 9 MINT),43367620,cy-015708,2026-08-12T21:14:35.429Z
Courtyard,2002 Pokémon Legendary Collection #101 Potion Energy - Reverse Foil (PSA 9 MINT),43367620,cy-016427,2026-08-14T12:32:54.391Z
Courtyard,2002 Pokémon Legendary Collection #101 Potion Energy - Reverse Foil (PSA 9 MINT),43367620,cy-016580,2026-08-14T23:18:21.900Z
Courtyard,2002 Pokémon Legendary Collection #101 Potion Energy - Reverse Foil (PSA 9 MINT),43367620,cy-016647,2026-08-15T02:31:33.731Z
Courtyard,2002 Pokémon Legendary Collection #101 Potion Energy - Reverse Foil (PSA 9 MINT),43367620,cy-017004,2026-08-16T08:52:28.531Z
Courtyard,2002 Pokémon Legendary Collection #101 Potion Energy - Reverse Foil (PSA 9 MINT),43367620,cy-017325,2026-08-17T16:26:19.321Z
Courtyard,2002 Pokémon Legendary Collection #101 Potion Energy - Reverse Foil (PSA 9 MINT),43367620,cy-017665,2026-08-18T14:11:19.241Z
Courtyard,2002 Pokémon Legendary Collection #101 Potion Energy - Reverse Foil (PSA 9 MINT),43367620,cy-017948,2026-08-19T07:02:57.359Z
Courtyard,2002 Pokémon Legendary Collection #101 Potion Energy - Reverse Foil (PSA 9 MINT),43367620,cy-018552,2026-08-21T02:08:54.477Z
Courtyard,2002 Pokémon Legendary Collection #101 Potion Energy - Reverse Foil (PSA 9 MINT),43367620,cy-019733,2026-08-25T09:44:12.090Z
Courtyard,2002 Pokémon Legendary Collection #101 Potion Energy - Reverse Foil (PSA 9 MINT),43367620,cy-020200,2026-08-26T01:48:13.721Z
Courtyard,2002 Pokémon Legendary Collection #101 Potion Energy - Reverse Foil (PSA 9 MINT),43367620,cy-020457,2026-08-26T13:48:48.163Z
Courtyard,2002 Pokémon Legendary Collection #101 Potion Energy - Reverse Foil (PSA 9 MINT),43367620,cy-021547,2026-08-28T01:08:40.153Z
Courtyard,2002 Pokémon Legendary Collection #101 Potion Energy - Reverse Foil (PSA 9 MINT),43367620,cy-021556,2026-08-28T01:32:08.145Z
Courtyard,2002 Pokémon Legendary Collection #101 Potion Energy - Reverse Foil (PSA 9 MINT),43367620,cy-021584,2026-08-28T02:03:02.626Z
Courtyard,2002 Pokémon Legendary Collection #101 Potion Energy - Reverse Foil (PSA 9 MINT),43367620,cy-021591,2026-08-28T02:24:43.965Z
Courtyard,2002 Pokémon Legendary Collection #101 Potion Energy - Reverse Foil (PSA 9 MINT),43367620,cy-021598,2026-08-28T02:39:06.424Z
Courtyard,2002 Pokémon Legendary Collection #101 Potion Energy - Reverse Foil (PSA 9 MINT),43367620,cy-021610,2026-08-28T03:14:11.528Z
Courtyard,2002 Pokémon Legendary Collection #101 Potion Energy - Reverse Foil (PSA 9 MINT),43367620,cy-021623,2026-08-28T03:31:57.484Z
Courtyard,2002 Pokémon Legendary Collection #101 Potion Energy - Reverse Foil (PSA 9 MINT),43367620,cy-021629,2026-08-28T03:38:01.935Z
Courtyard,2002 Pokémon Legendary Collection #101 Potion Energy - Reverse Foil (PSA 9 MINT),43367620,cy-021636,2026-08-28T03:55:00.385Z
Courtyard,2002 Pokémon Legendary Collection #101 Potion Energy - Reverse Foil (PSA 9 MINT),43367620,cy-021641,2026-08-28T04:20:48.544Z
Courtyard,2002 Pokémon Legendary Collection #101 Potion Energy - Reverse Foil (PSA 9 MINT),43367620,cy-021653,2026-08-28T05:22:25.958Z
Courtyard,2002 Pokémon Legendary Collection #101 Potion Energy - Reverse Foil (PSA 9 MINT),43367620,cy-021659,2026-08-28T05:42:33.375Z
Courtyard,2002 Pokémon Legendary Collection #101 Potion Energy - Reverse Foil (PSA 9 MINT),43367620,cy-021677,2026-08-28T07:00:33.399Z
Courtyard,2002 Pokémon Legendary Collection #101 Potion Energy - Reverse Foil (PSA 9 MINT),43367620,cy-021682,2026-08-28T07:54:05.125Z
Courtyard,2002 Pokémon Legendary Collection #101 Potion Energy - Reverse Foil (PSA 9 MINT),43367620,cy-021701,2026-08-28T08:58:06.934Z
Courtyard,2002 Pokémon Legendary Collection #101 Potion Energy - Reverse Foil (PSA 9 MINT),43367620,cy-021702,2026-08-28T08:59:36.888Z
Courtyard,2002 Pokémon Legendary Collection #101 Potion Energy - Reverse Foil (PSA 9 MINT),43367620,cy-021709,2026-08-28T09:28:45.049Z
Courtyard,2002 Pokémon Legendary Collection #101 Potion Energy - Reverse Foil (PSA 9 MINT),43367620,cy-021771,2026-08-28T13:33:21.089Z
Courtyard,2002 Pokémon Legendary Collection #101 Potion Energy - Reverse Foil (PSA 9 MINT),43367620,cy-021786,2026-08-28T14:23:22.365Z
Courtyard,2002 Pokémon Legendary Collection #101 Potion Energy - Reverse Foil (PSA 9 MINT),43367620,cy-021789,2026-08-28T14:37:45.260Z
Courtyard,2002 Pokémon Legendary Collection #101 Potion Energy - Reverse Foil (PSA 9 MINT),43367620,cy-021855,2026-08-28T18:41:17.087Z
Courtyard,2002 Pokémon Legendary Collection #101 Potion Energy - Reverse Foil (PSA 9 MINT),43367620,cy-021896,2026-08-28T20:13:09.677Z
Courtyard,2002 Pokémon Legendary Collection #101 Potion Energy - Reverse Foil (PSA 9 MINT),43367620,cy-021933,2026-08-28T22:01:23.081Z
Courtyard,2002 Pokémon Legendary Collection #101 Potion Energy - Reverse Foil (PSA 9 MINT),43367620,cy-021968,2026-08-28T23:16:51.322Z
Courtyard,2002 Pokémon Legendary Collection #101 Potion Energy - Reverse Foil (PSA 9 MINT),43367620,cy-022014,2026-08-29T00:26:42.131Z
Courtyard,2002 Pokémon Legendary Collection #101 Potion Energy - Reverse Foil (PSA 9 MINT),43367620,cy-022036,2026-08-29T01:00:15.358Z
Courtyard,2002 Pokémon Legendary Collection #101 Potion Energy - Reverse Foil (PSA 9 MINT),43367620,cy-022048,2026-08-29T01:16:03.401Z
Courtyard,2002 Pokémon Legendary Collection #101 Potion Energy - Reverse Foil (PSA 9 MINT),43367620,cy-022059,2026-08-29T01:44:45.430Z
Courtyard,2002 Pokémon Legendary Collection #101 Potion Energy - Reverse Foil (PSA 9 MINT),43367620,cy-022065,2026-08-29T02:05:24.296Z
Courtyard,2002 Pokémon Legendary Collection #101 Potion Energy - Reverse Foil (PSA 9 MINT),43367620,cy-022075,2026-08-29T03:14:49.786Z
Courtyard,2002 Pokémon Legendary Collection #101 Potion Energy - Reverse Foil (PSA 9 MINT),43367620,cy-022089,2026-08-29T03:56:36.289Z
Courtyard,2002 Pokémon Legendary Collection #101 Potion Energy - Reverse Foil (PSA 9 MINT),43367620,cy-022102,2026-08-29T04:23:56.665Z
Courtyard,2002 Pokémon Legendary Collection #101 Potion Energy - Reverse Foil (PSA 9 MINT),43367620,cy-022113,2026-08-29T05:15:46.875Z
Courtyard,2002 Pokémon Legendary Collection #101 Potion Energy - Reverse Foil (PSA 9 MINT),43367620,cy-022119,2026-08-29T05:37:05.036Z
Courtyard,2002 Pokémon Legendary Collection #101 Potion Energy - Reverse Foil (PSA 9 MINT),43367620,cy-022125,2026-08-29T06:14:51.117Z
Courtyard,2002 Pokémon Legendary Collection #101 Potion Energy - Reverse Foil (PSA 9 MINT),43367620,cy-022135,2026-08-29T07:16:46.692Z
Courtyard,2002 Pokémon Legendary Collection #101 Potion Energy - Reverse Foil (PSA 9 MINT),43367620,cy-022146,2026-08-29T09:36:16.706Z
Courtyard,2002 Pokémon Legendary Collection #101 Potion Energy - Reverse Foil (PSA 9 MINT),43367620,cy-022153,2026-08-29T10:05:10.886Z
