group,card_name,buyback_at_utc,usdc_paid,alt_value_that_day_usd,cardladder_value_usd,payout_pct_of_alt,payout_pct_of_cardladder,receipt,tx_url
over_110_both,1999 Pokemon Jungle 1st Edition Holo Venomoth #13 PSA 10,2026-07-09T01:28:03.490Z,6169.65408,4300.891651,4469,143.4506,138.0545,,https://solscan.io/tx/4VBSw3mM9nSARMNpNTvxPjSVGJkHHCtGfJ1cUhAa7p7zvS7vQqEoXGm3pP633EzhGX4VQaBQ9T1UJc4XVfEC1FMt
over_110_both,1999 Pokemon Jungle 1st Edition Holo Vileplume #15 PSA 10,2026-07-09T01:31:10.363Z,3430.122178,2778.932474,2224,123.4331,154.2321,,https://solscan.io/tx/4qV61Rkv3YY8W3MtkQd45cNBfn9ddDAFUQUiR2G3eV5DKC5dovv4sKbRpSz8sfTGG6US9QwWy9ix5aKetckhnTk2
over_110_both,2003 Pokemon Ex Ruby and Sapphire Holo Mewtwo Ex #101 CGC 10,2026-07-12T17:37:22.377Z,3356.3348,2922.833772,2828,114.8315,118.6823,,https://solscan.io/tx/5Vn8EtJGzTtb5Lj1voUKvoQNvXMSstRsaZBpbScbQZaupmdnNymSi4UwxHPjik8njRFUSwMgVsiJwBYJJhQLUjbd
over_110_both,1999 Pokemon Base Set Shadowless 1st Edition Holo Chansey #3 PSA 8 NM-MT,2026-07-12T17:38:01.620Z,1432.870408,1235.482406,1175,115.9766,121.9464,,https://solscan.io/tx/42tHc5c7baX4YWsUdVGu8DBWvym5FoYbMrxoB5xhdPzKXTdwmj1YxQZnLowwNPixi5oUUrNcuhpkyLNhSySok5jz
over_110_both,2003 Pokemon Ex Ruby and Sapphire Holo Mewtwo Ex #101 CGC 10,2026-07-13T03:30:06.138Z,3648.19,2955.6962,2828,123.4291,129.0025,,https://solscan.io/tx/dhFpTDd6AtQS5JTkfMq7dVfnYBSy6obyYL9MoeCgbCqE74oNKWtbWdKnACdGp3FjubTkLUAQXWGTxDDoWqa4G5y
over_110_both,2017 Pokemon the Best of XY Japanese Reverse Holo Lugia #102 PSA 10,2026-07-24T02:03:06.210Z,1600.109129,1309.04166,1325,122.2352,120.763,,https://solscan.io/tx/2iZsM6q3rcQq22WwmKCrVmUWxN8esrqAGXv183swQ7hEqBU2EV8vnuk9Yan73EAmnXhskF71ERMsH9CAxfrLPpms
over_110_both,2017 Pokemon Sun and Moon Promo Japanese Champions League 2018 Yokohama Umbreon Gx #125SMP PSA 10,2026-07-26T06:45:17.702Z,1839.888457,1630.405393,1336.8,112.8485,137.6338,,https://solscan.io/tx/z2316XeCH9sUsFbaK66tAEkyzF56jJaHuCbLHuidBrL3LnXL2NvF4pKCD8SZ67GqiEmMSgyzjZBLQQhtHbGpaBM
under_90_both,2019 Pokemon Sun and Moon Black Star Promo Power Partnership Tins Mew/Mewtwo Gx #SM191 PSA 10,2026-07-27T17:13:17.663Z,1404.820356,1692.391235,1850,83.008,75.9362,,https://solscan.io/tx/4P7tWXJXwh1p8HsFd4vcCrzbLbwyn1WkqPPz5GkroQrwagsCtHkd7bMBpBCyx5cBCy8wzeMoQbhrXsefjMGkT6Q6
over_110_both,2000 Pokemon Team Rocket 1st Edition Dark Charizard #21 PSA 10 GEM MINT,2026-08-06T10:51:33.515Z,3323.896018,2918.317923,2750,113.8977,120.8689,,https://solscan.io/tx/48erctKtGUo28h1iF5PBnYh6jYapZMdpVMfEPopicqMANYsoy4iUG23AhZyTgPsrZyLwAdCz7BA5HH2WvBJwxWdu
over_110_both,2016 Pokemon XY Promo Japanese Premium Champion Pack Jirachi #235XYP PSA 10,2026-08-11T10:07:57.204Z,4048.098366,3445.412584,3200,117.4924,126.5031,,https://solscan.io/tx/2QvtQqV34cVg9ur25VVz4ePQKAuM9resDk5cS68n58WN11KmLs14wcc3EsRuQ8azBCXPbS9GCnmN569pNL43bFGR
over_110_both,2000 Pokemon Team Rocket 1st Edition Holo Dark Dragonite #5 CGC 10 GEM MINT,2026-08-15T05:55:22.794Z,3024.1,2527.453653,2250,119.6501,134.4044,,https://solscan.io/tx/5tETrtj4fNTUp6zn4fF9rikFZz7iucwY5rGR4xrgLBN2pXjcNeFfhp7oQcMnfadKptxsN62VGrM65TZHHsjAYCL4
over_110_both,2003 Pokemon Japanese Magma VS Aqua 1st Edition Holo Espeon #040 PSA 10 GEM MINT,2026-08-15T05:56:28.254Z,3597.70495,3154.911619,2638,114.035,136.38,,https://solscan.io/tx/2UDaoXv2RBAPbTRAo9qtgcXVeAJ7DWbtr2c483ufiQpX2wNNsX8BdYe4i9xjXPNWGvz1Tbp2ESYYUrRWCeNV1TSW
under_90_both,2005 Pokemon Ex Unseen Forces Holo Entei Gold Star #113 PSA 9,2026-08-15T05:58:12.156Z,1860.394531,2511.709095,2101,74.0689,88.5481,,https://solscan.io/tx/61TsbYn8U8tfBxfnbCS7SQ8S7yH8NXPhVa4N8YpDbVDo2iARgExEAVacNjR1JG64XmapKznDWSmDjyYi6Cbcou4f
over_110_both,2000 Pokemon Team Rocket 1st Edition Holo Dark Dragonite #5 CGC 10 GEM MINT,2026-08-15T05:59:18.143Z,3024.1,2527.453653,2250,119.6501,134.4044,,https://solscan.io/tx/39CVU5Moy2dJHVYHDDhj7SdhnnBQZ7P6jfKpmnCPrmyx6JgYgKAJ8FicJezXTb17PFQyAexb1ZvdTqFPqi3XhqCm
over_110_both,2000 Pokemon Neo Genesis 1st Edition Holo Feraligatr #4 PSA 10,2026-08-17T18:20:54.187Z,6895.058661,5991.71488,5760,115.0765,119.7059,,https://solscan.io/tx/3hg1Anpa2hkMpAa7Uqmnz87BFWb3eQRJQb3NYXCJzhRqn7FuraeZCqXFqsGXtS1mDuaSL99GHAnJzKuKxtWsr5nW
over_110_both,2000 Pokemon Gym Challenge 1st Edition Holo Koga's Beedrill #9 PSA 10,2026-08-25T05:04:16.519Z,3970.64,3470.8616,3253,114.3993,122.0609,,https://solscan.io/tx/53um3ybfV3trWBB4wHSLoiig9eZm7MPTJByEeg91s1w4AQGwhYzmYR9whgrjSNhP7PdQaVJS1MRUwuN6NwS3rEfo
over_110_both,2001 Pokemon Expedition Japanese Holo Dragonite #126 PSA 10,2026-08-25T05:05:58.619Z,6715,5720.188331,5600,117.3912,119.9107,,https://solscan.io/tx/2K9TNUGDuJQhepQiugRJwpzghyjtKXy8h5X2QYwX7Xhcy36yBHg8n3G41PG4j7du4mmCaVUAt5TXfHaVtvcccKrW
over_110_both,2000 Pokemon Gym Challenge 1st Edition Holo Koga's Beedrill #9 PSA 10,2026-08-25T14:11:19.893Z,3970.64,3470.8616,3253,114.3993,122.0609,,https://solscan.io/tx/1278iD4gbZik7Ci7tUfj32pVsZmN7xzcqodY4DsB8Njc43xThex1jwEqEzYegAeMBt1nfAMsysWnG3f7J3PqjJ6t
over_110_both,2000 Pokemon Gym Challenge 1st Edition Holo Giovanni's Machamp #6 PSA 10,2026-08-25T14:13:04.114Z,2121.429999,1801.209772,1825,117.7781,116.2427,,https://solscan.io/tx/3JMcyeMhxg1Co4EgbWAr78sB9CEQo52vjwCBv9Q33o9uh7oHUbWjeR8peLYxH73x1QWFHPfuveypjJ7PfAoYnfD8
over_110_both,2003 Pokemon Japanese Play Promo 3000 Points Holo Minun #5 PSA 10 GEM MINT,2026-08-25T16:26:38.638Z,1833.53,1555.36458,1464,117.8843,125.2411,,https://solscan.io/tx/3eeLv7Z6F4rt5Ze1tEVBDLzJxXFGJAjpx81N3EfAvhzn13TfYRbYjZ7Miz2Y4G8Q3sYpgFbMZjbzCRQGpChLxpC
over_110_both,2003 Pokemon Japanese Play Promo 3000 Points Holo Minun #5 PSA 10 GEM MINT,2026-08-25T16:27:50.753Z,1833.53,1555.36458,1464,117.8843,125.2411,,https://solscan.io/tx/3RTZBkibGFz7z6NtLH6HiAwHuaRgVtmZ71tPiGhdsNLGFNnvNuJ6q1c9i7A9VjNjBEc7Tefc1sEHrjZw1LuTERyG
under_90_both,1999 Pokemon Base Set Shadowless Holo Charizard #4 BGS 8 NM-MT,2026-08-28T23:19:11.552Z,3475,3969.944348,4400,87.5327,78.9773,,https://solscan.io/tx/5gvK89VxP8R1GLf2QvMKpcy8jU5ttf4kvoZFfLSUPLzStdR6P3gBucopsqtZSTBHpYRDoaF3UDdWn4qdQk993qKg
under_90_both,2000 Pokemon Gym Heroes 1st Edition Holo Sabrina's Gengar #14 PSA 9,2026-09-03T10:07:00.630Z,3142.48,3934.538911,3800,79.8691,82.6968,,https://solscan.io/tx/4cxqpvheAKZTUWsYU2tTUeJSBwSkxzD8dxuFDvrosyDbWU1f3Pd8rEcNaSLjL3wDvMFvsmTs6iPQcfsoBas4969
over_110_both,2004 Pokemon Play Promo Japanese Holo Celebi #12 PSA 10,2026-09-04T22:12:18.827Z,1911.73,1648.852821,1525,115.943,125.3593,,https://solscan.io/tx/eieYbyTobNsSPAmkZroVKwrXX2693XDNYw4oSvYktFfaivzGe9gsnbooyDrEAxgZGUr7mcor5U5QpZsogQru3ws
under_90_both,2007 Pokemon Gold Star Ex Power Keepers Holo Vaporeon #102 PSA 8,2026-09-07T07:03:41.642Z,3321.39,3797.691079,3800,87.4581,87.405,,https://solscan.io/tx/5VvBqnCqJxEYNCnYJ6yUDYh2FtnZTmywkKwjaaoWpQhy5242NjKVe4qAsTfb1X8niLA2ttRrvfpHZceXAY4zXmsi
under_90_both,2004 Pokemon Ex Hidden Legends Holo Registeel Ex #99 PSA 10,2026-09-07T16:44:34.856Z,2526.32,3304.440391,2880,76.4523,87.7194,,https://solscan.io/tx/SnqKSo5MA2cjBQYcdf3x9B3Ntc2Z8N44U1BrgESBxKXcpWYumUcJ91tEJoxCYzCEaLZjQLyT9EeMpVEEz5Ta3jo
under_90_both,2010 Pokemon HeartGold & SoulSilver Triumphant Holo Magnezone #96 PSA 10 GEM MINT,2026-09-07T16:51:05.164Z,1637.02,2598.50498,2250,62.9985,72.7564,,https://solscan.io/tx/5rCDpASRZU2ep4LFwkiLX2XZbwcu8BBKwudWQHSXoAgvHWX7sKG2XfYXhUXuKoKvocD6D5y1eiJpSH6ehDLQsaQ9
under_90_both,2000 Pokemon Neo Genesis 1st Edition Holo Kingdra #8 PSA 10,2026-09-07T17:09:32.524Z,2605.56,3639.27601,3411.1,71.5956,76.3847,,https://solscan.io/tx/5t9K2DCGoNXmXCCorzK6gWmQzpVsjaX8ad9EWwS5GWjCPat6S1Hv96uPpot8qDPB8FnnUGC4BKUAkGhq4oqaKzcy
under_90_both,2010 Pokemon HeartGold & SoulSilver Triumphant Holo Magnezone #96 PSA 10 GEM MINT,2026-09-07T17:29:51.992Z,1637.02,2598.50498,2250,62.9985,72.7564,,https://solscan.io/tx/aVAoRm7rQeCdNwkECHYgyNiSMkGqobnSR34KgjrTASwrzQgfrLFDntDJymw87PZc44dZi6s5LgZyvAsDak8uxjL
under_90_both,2007 Pokemon Gold Star Ex Power Keepers Holo Vaporeon #102 PSA 8,2026-09-08T02:57:26.368Z,3321.39,3805.894604,3920,87.2696,84.7293,,https://solscan.io/tx/5T3VombQKfCvcgCfYiScrv9vnaFTvCdyMiEN4cWnjrggf8GyzcRG91Aby2hfxXrjrXhwxAcBuvGuMq1RsvGKrYhz
over_110_both,2007 Pokemon Japanese Diamond & Pearl Dawn Dash 1st Edition Holo Glaceon LV.X PSA 10 GEM MINT,2026-09-12T05:59:26.465Z,2222.4,1864.284648,1647.95,119.2093,134.8585,,https://solscan.io/tx/jARgvcxAfxXuQWE88ocMKHgkssUZBssZqYYaA7G8EeX2HFUhRu7tXzwv8zue9CNGBtvaMwcWMX3r8NNdCH1rzjP
over_110_both,2007 Pokemon Japanese Diamond & Pearl Dawn Dash 1st Edition Holo Glaceon LV.X PSA 10 GEM MINT,2026-09-12T06:03:50.326Z,2222.4,1864.284648,1647.95,119.2093,134.8585,,https://solscan.io/tx/4CaCWJSSsrReduREGCv9oahFSEkAMSHqZz44tmtcLTW1G2bdYNijSmrv3Qvv2g4ChG3hP9skvQ279VyMsEH9tz2S
under_90_both,1999 Pokemon Base Set Holo 1st Edition Raichu #14 PSA 9,2026-09-14T18:18:48.055Z,3163.75,3529.562315,4342,89.6358,72.8639,,https://solscan.io/tx/5XugYPn9Gkr1nZ6dwbRffmjpEHbVHQiuDeg86xAJSShU1bo5NVNj2kYaPpWZexQQ9DgWrd4WQqDwSB2dtMy1Lyy8
over_110_both,2021 Pokemon XY Sword and Shield Promo Japanese Stamp Box Pikachu #227 PSA 9,2026-09-14T19:53:55.157Z,2376.1,1977.864896,1913,120.1346,124.2081,,https://solscan.io/tx/39DU3NQikUgYPAfCXXYpfZeXB8NygrawQ7CbLE92EXXbkHF4VV81nmaiQPFKoBRCBpFZTUC7Nox1f7E3CuypsJnj
under_90_both,2002 Pokemon Legendary Collection Reverse Holo Dark Slowbro #8 CGC 10 GEM MINT,2026-09-15T07:44:17.877Z,1551.71,3174.779145,3120,48.8762,49.7343,a,https://solscan.io/tx/2R9Y97pEk5gQhBcnQ7nJPWFVUchK9SyPfa3Rb5hpkzCJsQ3k9DvnGkGowGEnxtSeJknEtsN6vzkqk4sbd7WaTnJV
over_110_both,2021 Pokemon XY Sword and Shield Promo Japanese Stamp Box Pikachu #227 PSA 9,2026-09-15T07:54:50.065Z,2376.1,1976.179958,1913,120.237,124.2081,,https://solscan.io/tx/2dWFe6qimhJjVFH7KrnZbNt3wcvvVwgPofDRoRsacRq2oRd2drVourJbfgkYeqEXLUiFRWYvTNnBWbEhrAURZKsB
over_110_both,2002 Pokemon Legendary Collection Reverse Holo Caterpie #69 PSA 10 GEM MINT,2026-09-16T02:04:34.194Z,5492.2,3260.102734,4131,168.4671,132.9509,b,https://solscan.io/tx/5CerCmcRCNvwSydh7PZ3AAkQiVtxwoDXqAnxo6NEy2yZB92mPYN1J9h7q8FWEnbh4qZZ4GBykeFRD4Q8E3STx3T1
over_110_both,2002 Pokemon Legendary Collection Reverse Holo Caterpie #69 PSA 10 GEM MINT,2026-09-16T08:16:49.645Z,5492.2,3260.102734,4131,168.4671,132.9509,b,https://solscan.io/tx/34zMvDc21s7Zq5izsCoRp8NqMwdfnLChHrB4vECGJdA4vhmYgqQdsX2jgJDGgwyKSjWKtQ83Htd2iFvf3NY5HsWF
under_90_both,2010 Pokemon HeartGold & SoulSilver Triumphant Holo Yanmega #98 PSA 10 GEM MINT,2026-09-16T08:20:37.728Z,1684.65,2785.939435,2789,60.4697,60.4034,,https://solscan.io/tx/58SLiAajRUaUxe3mXkwNBDzd8u2h5Tf1CVcJuQsp4KmSDwSb1MbTAGjtHPEvSwf66saGr4a18Cib4DsKqjPuihGT
under_90_both,2010 Pokemon HeartGold & SoulSilver Triumphant Holo Yanmega #98 PSA 10 GEM MINT,2026-09-16T08:22:23.255Z,1684.65,2785.939435,2789,60.4697,60.4034,,https://solscan.io/tx/38aS27PtvfTTHrWjHpar5ikuKHZvh6KYcgQMNAgKAioAJB92LDwDRHNJ3cyXBbqhwdko6pF7yGf9dpELAh7ozg3N
under_90_both,2002 Pokemon Legendary Collection Reverse Holo Dark Slowbro #8 CGC 10 GEM MINT,2026-09-17T15:30:25.689Z,1551.71,3161.053953,3120,49.0884,49.7343,a,https://solscan.io/tx/2wQLAaMHaTRhXoSQp24SSVaXj81UA3VS79sWLsVUEStqkxEvA158CWgCHgz1R2JpJFp1Mn1CKGV4XBLruy5zzK7m
under_90_both,2003 Pokemon Aquapolis Holo Octillery #H20 PSA 10,2026-09-17T16:15:54.261Z,1787.74,2935.556391,2999.99,60.8995,59.5915,,https://solscan.io/tx/67SqZzZu6RjXGr1fx73jjjVsh7UBPg27D6nmQTq25prBBRNJkA8wJCxETTydygGcCYsJ5bQEke85k7ZT6xGGiDLE
under_90_both,2003 Pokemon EX Sandstorm Holo Solrock #13 PSA 10 GEM MINT,2026-09-18T11:11:14.935Z,2708.61,3522.889929,3043,76.886,89.0112,,https://solscan.io/tx/1QKuxDJwXvDNfRLEq54wz1FVKKtRWLYLLuMs3pxv3BY2yCc7JdiDVDpfN32memoa3vxta7U3f6ng5155RkiDnns
under_90_both,2003 Pokemon EX Sandstorm Holo Solrock #13 PSA 10 GEM MINT,2026-09-18T18:16:28.142Z,2708.61,3522.889929,3043,76.886,89.0112,,https://solscan.io/tx/3MLtY3aVSY2QVykQfM6ZnyRxgt5t7mJGofREXfQcnWSz1th6BiFHyCLaM6BHKnPFtRxBEzjettaBfY21VmmNmfmF
under_90_both,1999 Pokemon Base Set Holo 1st Edition Raichu #14 PSA 9,2026-09-19T04:15:10.658Z,3163.75,3759.304543,4800,84.1579,65.9115,,https://solscan.io/tx/4HxkUpwpQoAPK14mzSnxnZFyqxaXim1Bxw97yXaL7vv9AUJhJyUJ5zieN27LiKEsTbA7LgSQpFtHdvfwJupscPeH
over_110_both,2002 Pokemon Legendary Collection Reverse Holo Caterpie #69 PSA 10 GEM MINT,2026-09-19T07:04:46.894Z,5492.2,3578.683759,4206,153.4698,130.5801,b,https://solscan.io/tx/297xquvzggevzMDPiaQNvKtC4qwVaoSCp4nJeffPVv28QPggaAgm1A6ZZnT5dhFBxcvqEWWu45iAJSpHHBFHRvVx
under_90_both,2002 Pokemon Split Earth Japanese 1st Edition Holo Umbreon #72 PSA 9,2026-09-19T07:05:08.238Z,3629.87,4209.410745,4600,86.2323,78.9102,,https://solscan.io/tx/RLUEMnvrPCDqCNEw8JJssfgQjmoNqgs3Uki9vngCAGiDQtKD4GWi5a2TtBMZfJYcF762fLRXgdbpWRmMEE48KHs
under_90_both,2002 Pokemon Split Earth Japanese 1st Edition Holo Umbreon #72 PSA 9,2026-09-19T10:53:53.864Z,3629.87,4209.410745,4600,86.2323,78.9102,,https://solscan.io/tx/uNWEbNss5xNkm6Q9QsAUp6G5Bz1WavrazukJrEB5LELhppZssHmYF9YhKjDu9jYFSLnpnrgkr6AckSvtrryPWxf
under_90_both,2005 Pokemon EX Unseen Forces Holo Suicune Gold Star #115 PSA 8 NM-MT,2026-09-21T16:27:35.336Z,2395.42,2790.729924,2725,85.8349,87.9053,,https://solscan.io/tx/5iDheuQh6tDfhidqJ8yRoqm1tmbsedxnXkTvFGg3RhmiMe6VbYsvhpiFv3QT6xhwStxByzkDgzHSDYJeUVMzdN9H
under_90_both,2005 Pokemon EX Unseen Forces Holo Suicune Gold Star #115 PSA 8 NM-MT,2026-09-21T16:28:35.925Z,2395.42,2790.729924,2725,85.8349,87.9053,,https://solscan.io/tx/AWxVPxsd6J8VXNrxDkofdxKd8EeLCNV7ytGFXMdYDoumSCNQiPdSWzva2FWwDwGNLQX68iGCV6tvVGxghamAfG5
under_90_both,2006 Pokemon Promo Japanese 4th Season Subscription Holo Lugia Ex #31 PSA 10,2026-09-21T16:38:06.208Z,5380.41,6220.428223,6000,86.4958,89.6735,,https://solscan.io/tx/2BAgN6JrEGsUkFjgTgDF8LNNtA5Bs1bLEVSmf12BMdDL5XhAiz3Qe44wnW8oh5jcYQcnRjSE5Q43Yke7GHA8z8xR
under_90_both,2000 Pokemon Gym Challenge 1st Edition Holo Blaine's Arcanine #1 CGC 10,2026-09-21T16:50:13.409Z,1768.22,2175.401118,2883,81.2825,61.3326,,https://solscan.io/tx/5bKL6yNmH2fgPWekwUkXCTdJWV4JQfiESBZYAhrexHCxepboYwg1DtAY1WD2bNuN7Zu9NQsSPBijNPsEWDTeiFaX
under_90_both,2006 Pokemon Promo Japanese 4th Season Subscription Holo Lugia Ex #31 PSA 10,2026-09-21T16:50:26.056Z,5380.41,6220.428223,6000,86.4958,89.6735,,https://solscan.io/tx/3QPSqDNKdoNgHqZ5KqAex3HBkLMt1HdrKykM1DnDkS2r4Mky8nxxXNHLHWGAjCyxbvZFUeQ4dw5tN9wfoa8xKkvU
under_90_both,2000 Pokemon Gym Challenge 1st Edition Holo Blaine's Arcanine #1 CGC 10,2026-09-21T16:52:16.768Z,1768.22,2175.401118,2883,81.2825,61.3326,,https://solscan.io/tx/qQ3bhT8rr1wbuoewhi8N7v7EbUxgeNNdDzZzXg2L9u2m7JKmDYJdRBaeJuDrzopA5XcGpXqzEHtQCNEbcu9A1Nb
under_90_both,2000 Pokemon Gym Heroes 1st Edition Holo Misty's Tentacruel #10 PSA 10,2026-09-21T17:08:30.743Z,1906.24,2510.573363,2225,75.9285,85.6737,,https://solscan.io/tx/sLZktj3ED1EJ74SsVTUNXsDeMHXECuGGQ1kcNcLU9cMLY4kkShYtkoDTg349tQF684k2huQRwp5Ejt8UucZcmXp
under_90_both,2002 Pokemon Japanese Promo Trainers Magazine Vol. 14 Flareon PSA 10 GEM MINT,2026-09-21T17:09:00.778Z,1906.39,2516.956092,2673,75.7419,71.3202,,https://solscan.io/tx/3EHPjVUhyn5AGGqGTmi4LjFhe7LMponKKSraRMqDHKzpTkBW4TEnatww7mQPwrMKJtyvKgGMTQUuyM4gmnn9KNB
under_90_both,2000 Pokemon Gym Heroes 1st Edition Holo Erika's Clefable #3 PSA 10,2026-09-21T17:12:45.348Z,2635.56,3050.021017,3208,86.4112,82.1559,,https://solscan.io/tx/5hWpRMeWnZX2VmsuXt3qtf6jRTX8oxjvtk5PNhuWiTd8BDD2TH2aK3XcPfXDfcQz577o6uMXQ9UtJWyJDwtGNFoK
under_90_both,1999 Pokemon Black Star Promo Wizards Of The Coast Trainer: Lucky Stadium #41 BGS 8 NM-MT,2026-09-21T17:15:28.552Z,1553.9,2293.838741,2394,67.7423,64.9081,,https://solscan.io/tx/4nzM9Xp9PWbH1MRnZ9JArpkDYcELHCyVQ19d2bCLbTg9DaYUXbbXFpeHZEcYDCGAd642GAco6Cdve8GfiGkUYjGL
under_90_both,2000 Pokemon Gym Challenge 1st Edition Holo Giovanni's Nidoking #7 PSA 10,2026-09-22T03:40:25.798Z,2454.98,2879.255901,2800,85.2644,87.6779,,https://solscan.io/tx/3XFtLFZXeSuZgGtp1pdZnP968EVR2KooeSYD8FR2xiAQ6PEwt1WHXJNUiiuxKrN3fGoW6ckYrx2ADbhMzdb4CYzR
under_90_both,2018 Pokemon Japanese SM Promo Rainbow Rockets Ambition Pretend Boss Pikachu #193 PSA 10 GEM,2026-09-22T03:40:41.756Z,2342.77,2974.161596,2900,78.7708,80.7852,,https://solscan.io/tx/2NfA7AH8xigzR9JJwJBQifiKZ54XLzFterQn9qpX463e1w51GYbjPj55WZR5UJrtHX8MBurYASErq8ySqVgziVDB
over_110_both,2015 Pokemon Japanese XY Bandit Ring 1st Edition M Rayquaza EX #95 PSA 9 MINT,2026-09-22T03:42:06.562Z,1510.55,1329.621281,1110,113.6075,136.0856,,https://solscan.io/tx/24tWhv8GZPFp9eXvqHD94cMy1JXNwsUR5yoC5SUSLqHipGrTZ74Jx9GvttrNCB4JmDT2JPqoUdkKJKWU1tviqFr6
under_90_both,2001 Pokemon Neo Discovery Holo Umbreon #13 BGS 9,2026-09-22T03:42:19.253Z,1512.96,1707.196132,2019,88.6225,74.9361,,https://solscan.io/tx/5RBsr3q8bA3tuchEfy6C2SDQKnpcqCpyPtwY2jHgCjhVtrzHbGMD2nE3udMo6KUXDrDeyxvra4r2sZLUMu3ahYPR
under_90_both,2000 Pokemon Neo Genesis 1st Edition Holo Lugia #9 PSA 5,2026-09-22T07:16:19.598Z,1895.93,2179.520284,2677,86.9884,70.8229,,https://solscan.io/tx/4eWhdVHrEA5sWdmpiP9LPQ1k1r27jfZY5qne6HDRZEePoCctst8zVMzp442re2AgC7yJAETnL3gRKSCpL9ZeT9gr
under_90_both,2002 Pokemon Japanese Promo Trainers Magazine Vol. 14 Flareon PSA 10 GEM MINT,2026-09-22T07:20:57.150Z,1906.39,2538.346768,2673,75.1036,71.3202,,https://solscan.io/tx/4oiSN7wY8pKiKWWnhbvJ6k8CFkNMjnxx1mJWNyhWiCjHPW7A6upiN39XXwz3eXKVN3NHeHVdneEC8STa4NfJoUx8
under_90_both,1999 Pokemon Black Star Promo Wizards Of The Coast Trainer: Lucky Stadium #41 BGS 8 NM-MT,2026-09-22T07:26:29.461Z,1553.9,2293.838741,2395,67.7423,64.881,,https://solscan.io/tx/4G1p8aGnwxED2uk45bqRdK7LpngqkZLVuvWHXmLjDTvuQRwZupL6G7K1XbQohtAVHVHzHm4B4GBd5d3TmBiSn6et
under_90_both,2003 Pokemon Skyridge Holo Kabutops #150 CGC 10,2026-09-23T03:51:29.428Z,3147.02,4302.701359,4999,73.1406,62.953,,https://solscan.io/tx/3DXwVpxLbE4nWM11R19oNeCL6KPQK7f59TuNAX1SFKpjfWP2HsergGFu2ZaSFjWjKQCeabKdSX6YHv44VvbWfU5J
under_90_both,2000 Pokemon Neo Genesis 1st Edition Holo Lugia #9 PSA 5,2026-09-23T03:59:17.147Z,1895.93,2162.9993,2730,87.6528,69.448,,https://solscan.io/tx/2KoZH6AfH3AXn5WCFCpi9jwMrPiq9y9oyGsTFGGuXfoP8EPaqVf443Sv8WXcyzYr1Y4Dq2TckpwbRfz1ahF4Rfa1
over_110_both,2003 Pokemon Skyridge Holo Magneton #H19 PSA 10,2026-09-23T03:59:42.491Z,3316.75,2813.358506,2750,117.8929,120.6091,,https://solscan.io/tx/8X3UxLMt7MEZctVzMnknRTSvA82ecTZ593S1mk74qXq4J1Gsmms9KuVWMLMM925e8Ut4aMNdFhRLkuMdCxNjEAj
over_110_both,2003 Pokemon Skyridge Holo Magneton #H19 PSA 10,2026-09-23T05:33:55.399Z,3316.75,2813.358506,2750,117.8929,120.6091,,https://solscan.io/tx/h8TniUWm7CxP5MVBfsDXxYmsmZKribE9tEVuVwj9DhhWzo5y3j1fJBa4UsHA3U56u7Ba5dqULchmHEgJRKpAfW1
over_110_both,2015 Pokemon Japanese XY Bandit Ring 1st Edition M Rayquaza EX #95 PSA 9 MINT,2026-09-23T08:20:11.253Z,1510.55,1326.798899,1110,113.8492,136.0856,,https://solscan.io/tx/5VDCuoZzQFPu2XXeCFKUXw91Rohw33KrDh5eSJt4mhjkyAipnW3Zz5KmC2zaiwM4Bj1tXiefEdRcH4PUYfnpqau5
over_110_both,2012 Pokemon Japanese BW Thunder Knuckle 1st Edition Full Art Latias EX #53 PSA 10 GEM MINT,2026-09-23T08:42:23.844Z,1952.9,1738.204239,1608,112.3516,121.449,,https://solscan.io/tx/32Vts1oLkxNiPKcjfYettEyyqyh3UPg2yGxRcKhA9RLh24Sb6EYDXVapGjmeWXvhU7bibmCQ6j4REnY6dHaX77fa
under_90_both,1999 Pokemon Black Star Promo Wizards Of The Coast Trainer: Lucky Stadium #41 BGS 8 NM-MT,2026-09-23T20:31:20.725Z,1553.9,2293.838741,2864,67.7423,54.2563,,https://solscan.io/tx/57RT8PVGbsRb9qv4WaGPi1SvpTvJY6AE4aweAL9fVfVQmQURZfMP8APUGrbUPtSNmYsUii9T8h3twAh42Nh6AhNu
over_110_both,2018 Pokemon Sun and Moon Promo Japanese Pokemon Center Yokohama Reopening Yokohama's Pikachu #282SMP PSA 10,2026-09-24T05:45:56.515Z,1552.64,1368.885636,1202,113.4236,129.1714,,https://solscan.io/tx/5Js1GjKJeDrLP2CqUvfkZh4JkYQ5SVmL4versFBQKxQgf1fmSb41ExxdtxqoZfv2iqp9B7DRXin6Sv3o4KEGmgWG
under_90_both,2006 Pokemon Promo Japanese 4th Season Subscription Holo Lugia Ex #31 PSA 10,2026-09-24T06:40:58.728Z,5380.41,6220.428223,6000,86.4958,89.6735,,https://solscan.io/tx/2mRzLyBif72h4vGiKg5kWbk9cRANgVscWqP1zooiGipogLJhuTfYRhQUrSA65PPt512nwghLP9Q5yBwSXihGbGwp
over_110_both,2012 Pokemon Japanese BW Thunder Knuckle 1st Edition Full Art Latias EX #53 PSA 10 GEM MINT,2026-09-25T13:10:26.586Z,1952.9,1671.396612,1608,116.8424,121.449,,https://solscan.io/tx/gPUuaJJZuiuA18huQaEjqMG4NQ6eKoxtkPizcHnTyD9Xhjjtzdk5F3Z6MZMk3JgQeZAetamCjsPXS5Q64jRGGjE
under_90_both,1999 Pokemon Japanese Promo Double Black Star Grand Party Trainer PSA 9 MINT,2026-09-26T11:32:45.586Z,2120.33,2554.135183,2760.37,83.0156,76.8133,,https://solscan.io/tx/3VCiXxZqHHPtHNXHjYs2EjZZyxi6EwsoYgXHHDn8TgUJRuEeUKTq9hw35R4mL8NUKa8QYi8PHHEkQTXt1bvKNvM3
under_90_both,2000 Pokemon Gym Heroes 1st Edition Holo Erika's Clefable #3 PSA 10,2026-09-28T23:58:31.556Z,2635.56,3167.222491,3850,83.2136,68.4561,,https://solscan.io/tx/3VQMfDep5vyHtyon4Wr3Tb5qULdcjoWC1t1JjbD3VWEPUgEjag1kJhvwhQR32xs6CTaPKNezoJwa95ncqTiz99zM
over_110_both,2016 Pokemon XY Fates Collide Umbreon Ex #55 PSA 10,2026-09-29T08:00:35.723Z,1598.29,1277.839239,1250,125.0775,127.8632,,https://solscan.io/tx/4AqNUu1zAzSzk9YgoMmKGv4ajfYWaUzbtbtViWPm1YjH6Ma13nLjfqTrAPF1JD9MYBsNFQxrQFYB9iXxjYn2ToMF
over_110_both,2016 Pokemon XY Fates Collide Umbreon Ex #55 PSA 10,2026-09-30T10:03:54.980Z,1598.29,1242.21258,1325,128.6648,120.6257,,https://solscan.io/tx/2Do4uuJktQMhDzsyTQj25wKPwNZDrv7ZzovEyeEuMyoznqciUeLfZaqqJCRfxfwGDK9ghbuC3MDeC9EYrPxeycji
