block,unix_time,utc
88978578,1782172800,2026-06-23T00:00:00.000Z
89381775,1782777600,2026-06-30T00:00:00.000Z
89784972,1783382400,2026-07-07T00:00:00.000Z
90188169,1783987200,2026-07-14T00:00:00.000Z
90591365,1784592000,2026-07-21T00:00:00.000Z
90994562,1785196800,2026-07-28T00:00:00.000Z
91397740,1785801600,2026-08-04T00:00:00.000Z
91800936,1786406400,2026-08-11T00:00:00.000Z
92204133,1787011200,2026-08-18T00:00:00.000Z
92607331,1787616000,2026-08-25T00:00:00.000Z
93010528,1788220800,2026-09-01T00:00:00.000Z
93413721,1788825600,2026-09-08T00:00:00.000Z
93816918,1789430400,2026-09-15T00:00:00.000Z
94220087,1790035200,2026-09-22T00:00:00.000Z
94623252,1790640000,2026-09-29T00:00:00.000Z
94744758,1790822277,2026-10-01T02:37:57.000Z
