site,cert_number,jul_sale_count,jul_median_usd,sep_sale_count,sep_median_usd,ratio
collectorcrypt,01454726,7,830,7,700,0.8434
collectorcrypt,02270466,10,2072.5,14,1648.13,0.7952
collectorcrypt,04230838,8,4000.89,11,3480,0.8698
collectorcrypt,05308070,10,2072.5,14,1648.13,0.7952
collectorcrypt,05318671,18,3475,17,3600,1.036
collectorcrypt,100110931,13,2251.05,4,2199.5,0.9771
collectorcrypt,100111097,12,2244.295,4,2199.5,0.98
collectorcrypt,100205508,7,999.99,6,675.5,0.6755
collectorcrypt,100337409,4,890.89,11,570,0.6398
collectorcrypt,100492280,4,4400,5,4550,1.0341
collectorcrypt,100572075,5,3999.99,4,3600,0.9
collectorcrypt,100747822,9,845.25,29,720,0.8518
collectorcrypt,100767565,52,3700,55,2951,0.7976
collectorcrypt,100863346,23,1500,46,1297.495,0.865
collectorcrypt,101025395,20,630.875,22,607.5,0.9629
collectorcrypt,101042965,27,601,18,549.34,0.914
collectorcrypt,101193274,4,930,4,874.99,0.9408
collectorcrypt,101228856,32,789,31,710,0.8999
collectorcrypt,101325371,11,2251.05,4,2199.5,0.9771
collectorcrypt,101401692,50,3700,30,2866.37,0.7747
collectorcrypt,101424715,52,3700,72,2900,0.7838
collectorcrypt,101569345,22,972.5,25,870,0.8946
collectorcrypt,101574620,13,4600,13,3600,0.7826
collectorcrypt,101708494,20,900,22,867.5,0.9639
collectorcrypt,101895720,3,739,4,675,0.9134
collectorcrypt,101941713,20,630.875,22,607.5,0.9629
collectorcrypt,101949907,40,2600,26,2200.5,0.8463
collectorcrypt,102094267,37,710,35,570,0.8028
collectorcrypt,102258595,6,530,9,570,1.0755
collectorcrypt,102312028,78,655,20,500,0.7634
collectorcrypt,102686914,24,1600,27,1370,0.8562
collectorcrypt,102716400,22,600,20,535,0.8917
collectorcrypt,102736461,27,620,26,560,0.9032
collectorcrypt,102928098,20,900,9,860,0.9556
collectorcrypt,102961802,8,2062.5,11,1883.96,0.9134
collectorcrypt,103036406,13,830,30,693,0.8349
collectorcrypt,103260479,3,1125,8,1916.96,1.704
collectorcrypt,103434783,9,1500,6,1526,1.0173
collectorcrypt,103509680,27,601,5,565,0.9401
collectorcrypt,103766246,39,1000,16,822.5,0.8225
collectorcrypt,103831507,12,630,13,559,0.8873
collectorcrypt,103853461,3,1851.6,4,1655,0.8938
collectorcrypt,104011312,34,1599.995,15,1201,0.7506
collectorcrypt,104054460,24,600,32,530.5,0.8842
collectorcrypt,104492333,8,1400,9,1434.6,1.0247
collectorcrypt,104882290,20,1501.55,37,1295,0.8624
collectorcrypt,104961301,36,1812.5,75,2225,1.2276
collectorcrypt,104967180,31,750,58,789.975,1.0533
collectorcrypt,105073946,4,5702.5,4,4400,0.7716
collectorcrypt,105178831,7,934.8,5,700,0.7488
collectorcrypt,105555211,20,925,19,899.99,0.973
collectorcrypt,105780006,14,1279.5,23,1000.03,0.7816
collectorcrypt,105920905,14,749.995,11,610,0.8133
collectorcrypt,106109459,20,3248.4,4,2795,0.8604
collectorcrypt,106205684,23,1500,38,1281.87,0.8546
collectorcrypt,106302016,15,1100,18,976,0.8873
collectorcrypt,106341743,20,925,20,899.995,0.973
collectorcrypt,106450462,24,720,17,589.99,0.8194
collectorcrypt,106484962,29,595,36,551,0.9261
collectorcrypt,106734640,3,960,3,1100,1.1458
collectorcrypt,106887367,27,1544,34,1392,0.9016
collectorcrypt,106917097,39,1000,12,868,0.868
collectorcrypt,106977504,7,430,3,510,1.186
collectorcrypt,107006122,6,747.99,14,694.905,0.929
collectorcrypt,107122202,16,687.5,16,750,1.0909
collectorcrypt,107202072,7,15900,18,15600,0.9811
collectorcrypt,107577420,17,880,25,735,0.8352
collectorcrypt,107640865,20,587.5,25,660,1.1234
collectorcrypt,107737120,4,725.5,3,504,0.6947
collectorcrypt,107760422,12,4434.5,18,3974.995,0.8964
collectorcrypt,107921785,26,646.775,11,705,1.09
collectorcrypt,108468265,36,1812.5,45,2200,1.2138
collectorcrypt,108539939,9,5100,3,5200,1.0196
collectorcrypt,108558759,10,625,22,607.5,0.972
collectorcrypt,108905750,47,600,58,544.975,0.9083
collectorcrypt,109072724,6,957.5,10,864.98,0.9034
collectorcrypt,109142018,21,620,26,560,0.9032
collectorcrypt,109308847,33,3000,42,2248.5,0.7495
collectorcrypt,109338683,28,897.5,17,726.91,0.8099
collectorcrypt,109547531,10,625.5,11,495,0.7914
collectorcrypt,109874970,10,625.5,11,495,0.7914
collectorcrypt,109902659,6,1174.995,6,1087.975,0.9259
collectorcrypt,110118370,18,2190,17,2025,0.9247
collectorcrypt,110131860,13,869,22,709.5,0.8165
collectorcrypt,110136332,20,587.5,36,700,1.1915
collectorcrypt,110289601,4,843,9,900,1.0676
collectorcrypt,110344702,11,811,7,660,0.8138
collectorcrypt,110921987,24,720,25,589.99,0.8194
collectorcrypt,110994682,11,811,7,660,0.8138
collectorcrypt,111079054,4,930,4,874.99,0.9408
collectorcrypt,111169651,4,725.5,3,504,0.6947
collectorcrypt,111216288,13,750,11,610,0.8133
collectorcrypt,111397313,16,890,17,970,1.0899
collectorcrypt,111573755,3,2000,5,2175,1.0875
collectorcrypt,111592555,23,725,22,621.725,0.8576
collectorcrypt,112759736,20,780,30,705,0.9038
collectorcrypt,113092001,8,2062.5,11,1883.96,0.9134
collectorcrypt,113392755,36,1542.995,22,1392,0.9021
collectorcrypt,113494583,9,1225,10,711.5,0.5808
collectorcrypt,113902766,11,870,7,860,0.9885
collectorcrypt,114120894,3,810,3,1050,1.2963
collectorcrypt,114148139,10,625.5,11,495,0.7914
collectorcrypt,114313822,20,972.5,22,857.5,0.8817
collectorcrypt,114516146,5,564.99,6,534.485,0.946
collectorcrypt,114840724,16,587.93,20,513.285,0.873
collectorcrypt,114902981,35,1615,19,1386.83,0.8587
collectorcrypt,114920422,33,559.45,8,504.995,0.9027
collectorcrypt,114976814,4,4400,5,4550,1.0341
collectorcrypt,114995162,12,4434.5,8,3725,0.84
collectorcrypt,115051444,12,878,5,810,0.9226
collectorcrypt,115173158,56,2800,27,2788,0.9957
collectorcrypt,115243665,16,1775,24,1507.5,0.8493
collectorcrypt,115249805,7,439,14,330,0.7517
collectorcrypt,115551458,3,660,3,384,0.5818
collectorcrypt,115556589,12,4434.5,21,3950,0.8907
collectorcrypt,115665801,7,3050,8,2792.61,0.9156
collectorcrypt,116087046,3,879,3,925.16,1.0525
collectorcrypt,116152817,18,966.25,24,1092.28,1.1304
collectorcrypt,116157073,26,893.5,20,700,0.7834
collectorcrypt,116721364,18,1525.5,6,1333.395,0.8741
collectorcrypt,116723859,6,1007.495,6,675.5,0.6705
collectorcrypt,117069029,9,950,5,1007,1.06
collectorcrypt,117179755,27,601,20,546.845,0.9099
collectorcrypt,117268050,20,6900,50,5200,0.7536
collectorcrypt,117382713,48,685.44,34,582.645,0.85
collectorcrypt,117396174,12,630,14,567.5,0.9008
collectorcrypt,117636291,68,670.4,20,510,0.7607
collectorcrypt,117776393,16,587.93,20,513.285,0.873
collectorcrypt,118007803,13,850,16,664.44,0.7817
collectorcrypt,118016125,29,1615,19,1386.83,0.8587
collectorcrypt,118179792,4,423,3,420,0.9929
collectorcrypt,118294272,11,640,10,609.5,0.9523
collectorcrypt,118307483,3,777,5,900,1.1583
collectorcrypt,118380362,11,1775,17,1362.73,0.7677
collectorcrypt,118741782,4,772.5,7,640,0.8285
collectorcrypt,119037365,3,1800,5,1899,1.055
collectorcrypt,119265020,3,1140,10,888,0.7789
collectorcrypt,119367166,16,1775.5,17,1362.73,0.7675
collectorcrypt,119379996,24,720,26,589.99,0.8194
collectorcrypt,119474889,49,3700,72,2900,0.7838
collectorcrypt,119645766,9,1100,10,888,0.8073
collectorcrypt,119956521,7,11000,9,9900,0.9
collectorcrypt,120562959,4,811,4,710.5,0.8761
collectorcrypt,120904450,88,1275,19,951.25,0.7461
collectorcrypt,121306985,33,3000,54,2313.945,0.7713
collectorcrypt,121504567,16,1775,19,1515,0.8535
collectorcrypt,121610763,31,527,11,390.8,0.7416
collectorcrypt,121753274,20,925,20,899.995,0.973
collectorcrypt,121909413,16,1540,27,1400,0.9091
collectorcrypt,122330768,27,1776,17,1362.73,0.7673
collectorcrypt,122330796,11,1775,17,1362.73,0.7677
collectorcrypt,122390152,82,1550,25,1425,0.9194
collectorcrypt,122500178,19,870,17,740,0.8506
collectorcrypt,122532624,4,3650.345,7,4350,1.1917
collectorcrypt,122651547,11,1775,10,1277.5,0.7197
collectorcrypt,122763985,15,810,19,678,0.837
collectorcrypt,122804511,24,6900,51,5200,0.7536
collectorcrypt,122909243,3,870,4,877.495,1.0086
collectorcrypt,123014713,11,990,10,1250.5,1.2631
collectorcrypt,123695215,22,1267,17,1344,1.0608
collectorcrypt,123825827,4,618.875,7,477.19,0.7711
collectorcrypt,123980530,14,749.995,11,610,0.8133
collectorcrypt,124129890,3,595,3,650,1.0924
collectorcrypt,124631278,4,520,8,677.04,1.302
collectorcrypt,124720892,18,600,4,600,1
collectorcrypt,124761746,4,2360,3,1675,0.7097
collectorcrypt,124807588,6,625,26,560,0.896
collectorcrypt,124876183,20,676,31,635,0.9393
collectorcrypt,125286960,58,3286,61,2650,0.8065
collectorcrypt,125331250,76,1550,20,1371.5,0.8848
collectorcrypt,125356896,7,1025,17,975,0.9512
collectorcrypt,125569743,6,4025,5,3100,0.7702
collectorcrypt,125629677,7,1050,10,837.5,0.7976
collectorcrypt,125931212,6,2950,3,2150,0.7288
collectorcrypt,125968964,4,520,3,432,0.8308
collectorcrypt,126007869,16,1030,5,985,0.9563
collectorcrypt,126055149,38,882.5,27,730,0.8272
collectorcrypt,126153743,9,960,17,1000,1.0417
collectorcrypt,126241494,30,712,28,597.5,0.8392
collectorcrypt,126324553,24,1837.5,20,2287.5,1.2449
collectorcrypt,126404411,12,690.065,8,612.5,0.8876
collectorcrypt,126494831,3,1345,4,1255,0.9331
collectorcrypt,126634577,13,5299,11,5150,0.9719
collectorcrypt,126959086,3,611,6,650,1.0638
collectorcrypt,127008911,20,707,11,589.99,0.8345
collectorcrypt,127236160,24,720,24,582.495,0.809
collectorcrypt,127256771,27,1544,33,1375,0.8905
collectorcrypt,127437295,7,1250,14,1055,0.844
collectorcrypt,127471770,33,3000,28,2245.455,0.7485
collectorcrypt,127477102,7,900,6,802.185,0.8913
collectorcrypt,127479787,6,980,6,1437,1.4663
collectorcrypt,127666314,27,1544,43,1350,0.8744
collectorcrypt,127742380,18,600,10,582.5,0.9708
collectorcrypt,127757623,52,620,49,539,0.8694
collectorcrypt,128076645,5,4000,5,3100,0.775
collectorcrypt,128086195,75,3300,61,2650,0.803
collectorcrypt,128159845,3,2350,3,2880,1.2255
collectorcrypt,128167343,4,1499.5,5,1250,0.8336
collectorcrypt,128199365,6,3015.5,15,1800,0.5969
collectorcrypt,128405773,19,1599,16,1368.06,0.8556
collectorcrypt,128618936,23,1525,26,1424.995,0.9344
collectorcrypt,128791815,24,570,24,517.5,0.9079
collectorcrypt,128921785,18,600,11,575,0.9583
collectorcrypt,128947125,16,3205,13,2790,0.8705
collectorcrypt,128947131,16,3205,13,2790,0.8705
collectorcrypt,129057346,94,1275,72,1024.475,0.8035
collectorcrypt,129216098,18,560.5,4,463.73,0.8274
collectorcrypt,129960888,3,550,4,643.88,1.1707
collectorcrypt,130099885,25,1525,26,1424.995,0.9344
collectorcrypt,130104494,18,2190,6,2060.145,0.9407
collectorcrypt,130176693,15,453,14,458,1.011
collectorcrypt,130466606,10,475.435,9,335,0.7046
collectorcrypt,130553334,5,1084,3,930,0.8579
collectorcrypt,130555678,4,2360,3,1675,0.7097
collectorcrypt,130583183,6,2850,18,2972.755,1.0431
collectorcrypt,130837746,13,570,9,565,0.9912
collectorcrypt,130894198,17,550,18,525.27,0.955
collectorcrypt,130908324,46,599.83,20,492.995,0.8219
collectorcrypt,130956588,19,2200,17,2025,0.9205
collectorcrypt,130972573,17,570,24,517.5,0.9079
collectorcrypt,131394831,26,646.775,27,680,1.0514
collectorcrypt,131881514,83,1074.22,20,803.75,0.7482
collectorcrypt,132014059,5,725,5,750,1.0345
collectorcrypt,132018079,26,570.05,13,444,0.7789
collectorcrypt,132347591,37,710,56,569.495,0.8021
collectorcrypt,132384027,13,763.22,16,690,0.9041
collectorcrypt,132577193,17,880,11,750,0.8523
collectorcrypt,133121201,14,557.5,6,604.975,1.0852
collectorcrypt,133191329,5,529.56,3,603.93,1.1404
collectorcrypt,133608115,16,1030,17,975,0.9466
collectorcrypt,133823118,4,725,3,849.95,1.1723
collectorcrypt,133880485,24,4275.2,4,2775,0.6491
collectorcrypt,133975110,12,644.5,6,694.995,1.0783
collectorcrypt,134318394,20,695,14,559.995,0.8057
collectorcrypt,134535398,35,1249.99,16,1400,1.12
collectorcrypt,134535402,3,725,4,774.565,1.0684
collectorcrypt,135015539,3,1630.99,4,2164.5,1.3271
collectorcrypt,135301108,34,1599.995,20,1205.5,0.7534
collectorcrypt,135421310,35,780,35,710,0.9103
collectorcrypt,135441240,21,789,16,690,0.8745
collectorcrypt,135473502,24,1625.005,19,1386.83,0.8534
collectorcrypt,135614692,15,800,16,690,0.8625
collectorcrypt,135877203,5,800,3,637.77,0.7972
collectorcrypt,136091868,9,800,4,631.31,0.7891
collectorcrypt,136231467,14,800,7,638,0.7975
collectorcrypt,136242070,6,570,12,578.175,1.0143
collectorcrypt,136375002,27,2476,22,2222,0.8974
collectorcrypt,136387998,15,580,12,578.175,0.9969
collectorcrypt,136736835,22,864.5,22,709.5,0.8207
collectorcrypt,136909975,4,1499.5,5,1250,0.8336
collectorcrypt,136931333,41,3350,31,2850,0.8507
collectorcrypt,136995499,26,491,19,469.99,0.9572
collectorcrypt,137260897,6,1071.21,3,760,0.7095
collectorcrypt,137262482,21,1250,26,1167.345,0.9339
collectorcrypt,137413084,6,575.5,6,476,0.8271
collectorcrypt,137529259,11,640,10,609.5,0.9523
collectorcrypt,137789772,4,658.015,12,829.995,1.2614
collectorcrypt,137997469,35,1800,78,2263.03,1.2572
collectorcrypt,138039957,50,1525,29,1283.74,0.8418
collectorcrypt,138425398,20,572.5,5,541.2,0.9453
collectorcrypt,138535336,6,3015.5,15,1800,0.5969
collectorcrypt,138628581,4,420,6,517.205,1.2314
collectorcrypt,139011355,73,1550,66,1400,0.9032
collectorcrypt,139092555,27,620,85,575,0.9274
collectorcrypt,139253739,9,510,6,547.45,1.0734
collectorcrypt,139504273,4,944.5,5,700,0.7411
collectorcrypt,139902087,26,990,20,949.5,0.9591
collectorcrypt,140092159,9,822,10,755,0.9185
collectorcrypt,140211759,23,618,25,491,0.7945
collectorcrypt,140455621,11,3450,62,2650,0.7681
collectorcrypt,141014497,6,3015.5,15,1800,0.5969
collectorcrypt,141099998,10,1287.495,9,1249.99,0.9709
collectorcrypt,141147197,16,595,13,499,0.8387
collectorcrypt,141377806,3,807.49,3,798.88,0.9893
collectorcrypt,141553470,21,610,21,555.5,0.9107
collectorcrypt,142520015,20,714.5,26,745,1.0427
collectorcrypt,142702182,20,838.5,8,656.94,0.7835
collectorcrypt,143035283,33,3000,47,2297.01,0.7657
collectorcrypt,143211097,6,727.5,4,744.5,1.0234
collectorcrypt,143281605,3,860,5,676,0.786
collectorcrypt,143448936,9,1188,11,1050,0.8838
collectorcrypt,143589662,13,763.22,16,690,0.9041
collectorcrypt,143638722,16,839.995,8,682.495,0.8125
collectorcrypt,143822663,11,2175,22,1681.07,0.7729
collectorcrypt,143822664,14,1065.44,9,1050,0.9855
collectorcrypt,143825816,9,1188,11,1050,0.8838
collectorcrypt,144063569,5,504,5,560,1.1111
collectorcrypt,144210039,20,651.875,27,680,1.0431
collectorcrypt,144245880,4,5572.5,4,4250,0.7627
collectorcrypt,144392317,18,680,16,604.5,0.889
collectorcrypt,144418198,15,810,19,678,0.837
collectorcrypt,144441224,20,4275.2,4,2775,0.6491
collectorcrypt,144491695,8,949.5,5,1009,1.0627
collectorcrypt,144882838,18,700,5,611,0.8729
collectorcrypt,146464151,14,1065.44,8,1043.385,0.9793
collectorcrypt,146694199,82,1550,43,1400,0.9032
collectorcrypt,146921235,3,924,4,999.5,1.0817
collectorcrypt,147160877,20,882.5,20,800,0.9065
collectorcrypt,147220912,6,1550,12,1775,1.1452
collectorcrypt,147351286,19,972.5,24,1092.28,1.1232
collectorcrypt,147405282,21,789,14,691.5,0.8764
collectorcrypt,147499552,6,3024.495,3,2375,0.7853
collectorcrypt,147613562,6,980,6,1437,1.4663
collectorcrypt,147674636,14,534.975,15,465,0.8692
collectorcrypt,147724256,6,1150,8,1048.72,0.9119
collectorcrypt,147843964,3,1418.19,5,1300,0.9167
collectorcrypt,147898492,112,1978,20,1841,0.9307
collectorcrypt,148089430,82,1550,35,1374,0.8865
collectorcrypt,148112039,5,800,3,637.77,0.7972
collectorcrypt,148232186,13,850,17,700,0.8235
collectorcrypt,148294212,6,575.5,10,505.03,0.8775
collectorcrypt,148430169,4,369.995,3,1800,4.8649
collectorcrypt,148691414,12,1750,10,1912.5,1.0929
collectorcrypt,148749302,82,1550,10,1400,0.9032
collectorcrypt,148919534,20,549.5,5,525,0.9554
collectorcrypt,148982654,4,3452,4,3617.9,1.0481
collectorcrypt,149650820,5,1062.79,5,800,0.7527
collectorcrypt,150001861,17,840,29,630,0.75
collectorcrypt,150041010,4,6874.5,4,5218.08,0.759
collectorcrypt,150101737,64,990,37,830,0.8384
collectorcrypt,150317084,3,1345,4,1255,0.9331
collectorcrypt,150518696,4,1308,3,950,0.7263
collectorcrypt,150758880,37,980,10,804.995,0.8214
collectorcrypt,151256000,4,772.5,7,640,0.8285
collectorcrypt,151305383,6,2510,7,1756.65,0.6999
collectorcrypt,152098026,61,1650,29,1068,0.6473
collectorcrypt,152288779,20,970,14,850,0.8763
collectorcrypt,152621697,6,722.5,3,799.6,1.1067
collectorcrypt,152696304,11,640,10,609.5,0.9523
collectorcrypt,153164560,3,2225,5,2499,1.1231
collectorcrypt,153642937,14,1279.5,9,1000,0.7816
collectorcrypt,153698319,5,498.99,7,245.3,0.4916
collectorcrypt,153954624,91,669.99,20,500,0.7463
collectorcrypt,154028443,11,570,23,468,0.8211
collectorcrypt,154048909,34,1206.5,6,950,0.7874
collectorcrypt,154095292,9,1188,11,1050,0.8838
collectorcrypt,154183513,15,844.99,11,647,0.7657
collectorcrypt,154518836,54,1511.5,39,1350,0.8932
collectorcrypt,154620391,52,890,47,655,0.736
collectorcrypt,154790134,11,700,20,555,0.7929
collectorcrypt,154805985,17,1125,32,1000,0.8889
collectorcrypt,154859172,3,1175,4,1445.08,1.2299
collectorcrypt,154885514,20,960,20,935,0.974
collectorcrypt,154890046,21,2425,22,1925,0.7938
collectorcrypt,155254058,22,600,50,544.975,0.9083
collectorcrypt,155413929,6,727.5,4,744.5,1.0234
collectorcrypt,155726863,36,1812.5,27,1982.78,1.0939
collectorcrypt,155776915,40,659.995,20,416,0.6303
collectorcrypt,155807140,3,639,8,633,0.9906
collectorcrypt,155877134,44,815,66,670.34,0.8225
collectorcrypt,155877136,36,1075,20,900,0.8372
collectorcrypt,155877137,58,1063.05,22,808.75,0.7608
collectorcrypt,155877149,6,658.835,10,458.81,0.6964
collectorcrypt,155877156,6,516,8,528,1.0233
collectorcrypt,155877161,3,2175,7,1900,0.8736
collectorcrypt,155970079,54,889.5,36,660,0.742
collectorcrypt,156020269,33,2520,22,1925,0.7639
collectorcrypt,156273030,40,1050,41,850,0.8095
collectorcrypt,156286578,10,900,18,875,0.9722
collectorcrypt,156287967,9,1000,10,947.33,0.9473
collectorcrypt,156457942,8,4395,13,3600,0.8191
collectorcrypt,156475387,29,990,38,831.5,0.8399
collectorcrypt,156481759,39,1000,9,875,0.875
collectorcrypt,156567609,72,1100,39,838.49,0.7623
collectorcrypt,156597383,12,1112.5,8,675,0.6067
collectorcrypt,156881001,17,680,16,604.5,0.889
collectorcrypt,156910632,18,700,15,610,0.8714
collectorcrypt,157086457,6,959.44,7,761,0.7932
collectorcrypt,157087663,40,1038.5,42,850,0.8185
collectorcrypt,157213438,93,2600,8,2162.5,0.8317
collectorcrypt,157267689,19,550,16,530.27,0.9641
collectorcrypt,157460913,39,1050,37,840,0.8
collectorcrypt,157478200,5,806.22,4,835,1.0357
collectorcrypt,157527980,30,859.995,12,645,0.75
collectorcrypt,157598797,28,867.5,13,610,0.7032
collectorcrypt,157626285,20,2459.695,57,1925,0.7826
collectorcrypt,157626422,20,1600,31,1075,0.6719
collectorcrypt,157635182,69,1663,9,1125,0.6765
collectorcrypt,157640019,7,1226,11,1100,0.8972
collectorcrypt,157939609,21,789,3,675,0.8555
collectorcrypt,158007968,19,1550,30,1325.375,0.8551
collectorcrypt,158035430,27,2476,21,2194,0.8861
collectorcrypt,158184080,40,1038.5,40,850,0.8185
collectorcrypt,158205267,3,597.83,3,412.65,0.6902
collectorcrypt,158392103,42,990,21,853.46,0.8621
collectorcrypt,158547804,5,1062.79,5,800,0.7527
collectorcrypt,158697620,14,2497.495,43,1925,0.7708
collectorcrypt,158708663,10,992.5,6,1420.585,1.4313
collectorcrypt,158789740,23,1675,57,1090,0.6507
collectorcrypt,158906228,7,1925,8,1724.5,0.8958
collectorcrypt,159104486,17,900,14,887.5,0.9861
collectorcrypt,159154205,27,900,21,750,0.8333
collectorcrypt,159156569,12,1469,17,1375,0.936
collectorcrypt,159311221,89,2450,58,1914.78,0.7815
collectorcrypt,159539951,22,1080.5,43,850,0.7867
collectorcrypt,159638756,56,1099.995,31,845,0.7682
collectorcrypt,159675513,7,657.67,10,458.81,0.6976
collectorcrypt,159688912,8,670,12,485.105,0.724
collectorcrypt,159773140,22,1080.5,43,850,0.7867
collectorcrypt,159866150,33,2520,22,1925,0.7639
collectorcrypt,159890910,20,925,20,899.995,0.973
collectorcrypt,159920003,40,2600,16,2200.5,0.8463
collectorcrypt,159981327,33,2520,22,1925,0.7639
collectorcrypt,159992138,10,1813,11,1930,1.0645
collectorcrypt,160131779,38,2510,21,1925,0.7669
collectorcrypt,160142691,20,1081,40,845,0.7817
collectorcrypt,160222325,17,835,6,742.5,0.8892
collectorcrypt,160226685,35,2520,21,1925,0.7639
collectorcrypt,160239598,48,990,34,830,0.8384
collectorcrypt,160287901,4,9694.5,3,9000,0.9284
collectorcrypt,160309436,39,1047,32,839,0.8013
collectorcrypt,160325698,40,810,10,682.495,0.8426
collectorcrypt,160401465,8,1000,5,1101,1.101
collectorcrypt,160558924,44,990,21,850,0.8586
collectorcrypt,160567567,17,2520,18,1919,0.7615
collectorcrypt,160655554,3,945,3,770,0.8148
collectorcrypt,160709616,94,2786.5,95,2605,0.9349
collectorcrypt,160988680,42,1525,30,1363,0.8938
collectorcrypt,161334975,23,1725,22,935.5,0.5423
collectorcrypt,162544789,18,2190,17,2025,0.9247
collectorcrypt,20331374,4,3601,5,3000,0.8331
collectorcrypt,22968486,3,4650,4,5113.5,1.0997
collectorcrypt,23065526,7,1105,9,1276.91,1.1556
collectorcrypt,23142937,6,3149.5,8,3337.5,1.0597
collectorcrypt,24281284,10,10050,8,8850,0.8806
collectorcrypt,25334197,6,1215,9,1149.33,0.946
collectorcrypt,25711564,13,5299,5,5200,0.9813
collectorcrypt,26506404,9,3400,3,4050,1.1912
collectorcrypt,28920966,4,19900,7,21000,1.0553
collectorcrypt,29039359,3,2777,3,3158.1,1.1372
collectorcrypt,40949386,3,3556,3,2900,0.8155
collectorcrypt,41156312,4,19900,7,21000,1.0553
collectorcrypt,41239479,5,958.74,10,925,0.9648
collectorcrypt,41448875,13,629,17,599,0.9523
collectorcrypt,41649190,6,1530,5,1200,0.7843
collectorcrypt,41895417,4,557.845,4,647.5,1.1607
collectorcrypt,42217896,4,1197,5,1050,0.8772
collectorcrypt,42387259,4,11610,3,12505,1.0771
collectorcrypt,42571845,4,12800.4,3,11700,0.914
collectorcrypt,42998983,5,789.95,4,563.2,0.713
collectorcrypt,43470020,3,1177.76,4,797,0.6767
collectorcrypt,43493088,11,2000,6,2150.195,1.0751
collectorcrypt,43942764,3,7845.6,5,6900,0.8795
collectorcrypt,44378231,5,1342.77,9,1434.6,1.0684
collectorcrypt,44378406,3,8400,3,5400,0.6429
collectorcrypt,44448621,4,720,5,600,0.8333
collectorcrypt,45400821,10,1091.2,9,1200,1.0997
collectorcrypt,45503045,9,4636.14,3,16470,3.5525
collectorcrypt,46394534,8,2246.995,21,2000,0.8901
collectorcrypt,47241567,4,5631.2,3,3500,0.6215
collectorcrypt,47525238,4,835.5,4,949.5,1.1364
collectorcrypt,48068400,6,816.055,11,525,0.6433
collectorcrypt,48073637,3,7100,6,6675,0.9401
collectorcrypt,48078748,3,7845.6,5,6900,0.8795
collectorcrypt,48147751,9,640,10,609.5,0.9523
collectorcrypt,48434933,11,1097.32,18,727.5,0.663
collectorcrypt,49141099,7,1071.88,3,760,0.709
collectorcrypt,51493714,4,775,4,908.065,1.1717
collectorcrypt,52384667,6,732.1,9,820,1.1201
collectorcrypt,52384693,3,605,11,511.51,0.8455
collectorcrypt,52431137,3,725,4,774.565,1.0684
collectorcrypt,53542788,3,529,3,540,1.0208
collectorcrypt,54052347,3,8400,3,5400,0.6429
collectorcrypt,54499959,6,6950,5,6766.66,0.9736
collectorcrypt,54562021,4,895,5,792.93,0.886
collectorcrypt,54766006,17,570,17,690,1.2105
collectorcrypt,54996403,15,1025,17,975,0.9512
collectorcrypt,55156039,28,676,32,635.005,0.9394
collectorcrypt,55289618,3,950,4,670,0.7053
collectorcrypt,55331045,3,3297,3,2661,0.8071
collectorcrypt,55368635,3,630,3,730,1.1587
collectorcrypt,55576176,28,676,30,635.005,0.9394
collectorcrypt,55718284,7,13800,8,13800,1
collectorcrypt,55794435,11,1050,16,1005,0.9571
collectorcrypt,55842582,6,3087.5,5,2950,0.9555
collectorcrypt,56664044,10,1371.385,9,1434.6,1.0461
collectorcrypt,59459134,9,2499.99,7,3120,1.248
collectorcrypt,59569016,4,790,23,960,1.2152
collectorcrypt,59631569,36,1812.5,20,2512.5,1.3862
collectorcrypt,61875561,4,1000,11,975,0.975
collectorcrypt,62865689,5,3200,3,3850,1.2031
collectorcrypt,63284665,7,4100,6,3675,0.8963
collectorcrypt,63527169,6,5389.5,6,5476,1.016
collectorcrypt,63926827,3,2105,5,3000,1.4252
collectorcrypt,64110080,26,600,37,504.99,0.8417
collectorcrypt,64113167,6,941.87,9,900,0.9555
collectorcrypt,64623350,25,2169,24,2089.5,0.9633
collectorcrypt,64796057,24,3009.45,28,2245.455,0.7461
collectorcrypt,65103168,4,4400,5,4550,1.0341
collectorcrypt,65590749,4,3650.345,7,4350,1.1917
collectorcrypt,66057779,33,3000,30,2291,0.7637
collectorcrypt,66336649,3,1500,4,1137.5,0.7583
collectorcrypt,66748404,25,2169,24,2089.5,0.9633
collectorcrypt,67040362,26,676,25,629,0.9305
collectorcrypt,67720802,20,4275.2,4,2775,0.6491
collectorcrypt,68165157,4,5520,4,5843.33,1.0586
collectorcrypt,68183766,33,3000,42,2248.5,0.7495
collectorcrypt,68339743,4,870.6,6,1232.5,1.4157
collectorcrypt,68638610,6,775,5,750,0.9677
collectorcrypt,68762597,16,967.495,20,842.5,0.8708
collectorcrypt,68975714,38,529,4,554.995,1.0491
collectorcrypt,69018455,16,2082.035,12,1905,0.915
collectorcrypt,69077895,30,712,28,597.5,0.8392
collectorcrypt,69250925,47,4400,51,4050,0.9205
collectorcrypt,69314305,6,3300,6,4775,1.447
collectorcrypt,69334632,18,600,24,638.5,1.0642
collectorcrypt,69361350,20,1487.55,38,1299.995,0.8739
collectorcrypt,69868498,20,2100,12,1905,0.9071
collectorcrypt,70480937,20,1600,12,1250,0.7813
collectorcrypt,70482271,8,1258.915,12,1065,0.846
collectorcrypt,70995471,17,570,13,660,1.1579
collectorcrypt,70995480,17,570,14,660,1.1579
collectorcrypt,70995489,17,570,8,647.845,1.1366
collectorcrypt,70995491,17,570,17,690,1.2105
collectorcrypt,70995513,17,570,17,690,1.2105
collectorcrypt,71099892,5,1440,6,910,0.6319
collectorcrypt,71106536,20,4275.2,4,2775,0.6491
collectorcrypt,71489751,7,1313,15,1058,0.8058
collectorcrypt,72068343,21,1412.4,16,1299.995,0.9204
collectorcrypt,72552695,20,900,16,728.455,0.8094
collectorcrypt,72559834,3,1249,7,862,0.6902
collectorcrypt,72605591,6,6081.2,3,3500,0.5755
collectorcrypt,73554573,10,1813,11,1930,1.0645
collectorcrypt,73585602,18,600,19,640,1.0667
collectorcrypt,73602708,12,1165.61,12,1215.945,1.0432
collectorcrypt,73667387,5,8159.58,10,7700,0.9437
collectorcrypt,73687486,4,6874.5,4,5218.08,0.759
collectorcrypt,73728256,7,2850,9,3400,1.193
collectorcrypt,73748109,4,1900.05,5,1401,0.7373
collectorcrypt,73770225,9,430,3,395,0.9186
collectorcrypt,73945076,21,610,21,555.5,0.9107
collectorcrypt,73968471,9,1500,7,1525,1.0167
collectorcrypt,74053895,23,618,6,503,0.8139
collectorcrypt,74083721,7,1000,4,959.5,0.9595
collectorcrypt,74167370,3,879,3,925.16,1.0525
collectorcrypt,74330050,8,837.495,13,660,0.7881
collectorcrypt,74522665,4,2075,9,1100,0.5301
collectorcrypt,74717667,5,575,3,584,1.0157
collectorcrypt,75031819,22,602.5,45,539,0.8946
collectorcrypt,75049629,15,924.95,20,899.995,0.973
collectorcrypt,75256875,6,1215,5,1100,0.9053
collectorcrypt,75353398,15,2150,18,2037,0.9474
collectorcrypt,75473308,5,2900,17,3000,1.0345
collectorcrypt,75702378,40,2600,30,2215,0.8519
collectorcrypt,75729080,11,2000,6,2150.195,1.0751
collectorcrypt,75734595,3,1425,7,2000,1.4035
collectorcrypt,75885240,53,620,11,541,0.8726
collectorcrypt,76366059,5,830,8,600,0.7229
collectorcrypt,76459719,9,430,6,373,0.8674
collectorcrypt,76942321,25,695,28,610,0.8777
collectorcrypt,77081835,25,750,20,687,0.916
collectorcrypt,77203243,6,10575,10,9850,0.9314
collectorcrypt,77342097,4,843,7,900,1.0676
collectorcrypt,77401145,8,1075,10,1257.545,1.1698
collectorcrypt,77657308,25,4300,4,2775,0.6453
collectorcrypt,77830468,8,1258.915,14,1055,0.838
collectorcrypt,77839711,21,610,21,555.5,0.9107
collectorcrypt,77969532,15,570,9,565,0.9912
collectorcrypt,78237121,5,960,5,1050,1.0938
collectorcrypt,78330996,5,1160.4,6,946.5,0.8157
collectorcrypt,78638834,7,430,4,516.705,1.2016
collectorcrypt,78722504,4,2625,10,2562.5,0.9762
collectorcrypt,78746802,22,2630,10,2176.32,0.8275
collectorcrypt,78844562,14,900,23,875,0.9722
collectorcrypt,78957598,4,357.5,3,450,1.2587
collectorcrypt,79067530,16,1030,17,975,0.9466
collectorcrypt,79087292,11,700.25,8,695,0.9925
collectorcrypt,79595173,3,1851.6,4,1655,0.8938
collectorcrypt,80025610,23,4250.4,4,2775,0.6529
collectorcrypt,80464565,10,625.5,11,495,0.7914
collectorcrypt,80578409,14,967.495,20,842.5,0.8708
collectorcrypt,80592641,20,4275.2,4,2775,0.6491
collectorcrypt,81843871,10,625.5,11,495,0.7914
collectorcrypt,82147536,10,1612.5,3,1170,0.7256
collectorcrypt,82733156,20,901.105,35,750,0.8323
collectorcrypt,82853488,10,663.33,5,702.72,1.0594
collectorcrypt,82884696,10,1091.2,8,1199.5,1.0992
collectorcrypt,83209856,34,1599.995,23,1185,0.7406
collectorcrypt,83347285,23,2849.99,18,2769,0.9716
collectorcrypt,83347289,20,2751,87,2600,0.9451
collectorcrypt,83387500,3,1750,7,1803.8,1.0307
collectorcrypt,83393138,7,1181.22,15,1275,1.0794
collectorcrypt,83472956,14,910,19,661.9,0.7274
collectorcrypt,83727604,26,600,11,581.67,0.9694
collectorcrypt,83741508,9,1050,3,990,0.9429
collectorcrypt,83875539,12,1750,10,1912.5,1.0929
collectorcrypt,84041565,5,8000,7,6097.69,0.7622
collectorcrypt,84141735,12,630,13,559,0.8873
collectorcrypt,84479405,12,450,3,407,0.9044
collectorcrypt,84909743,7,1050,10,837.5,0.7976
collectorcrypt,84912702,6,961.4,9,930,0.9673
collectorcrypt,85475389,29,709,28,597.5,0.8427
collectorcrypt,85570830,25,695,28,610,0.8777
collectorcrypt,85855830,6,564.985,10,548.5,0.9708
collectorcrypt,86099091,4,645.425,5,700,1.0846
collectorcrypt,86196426,11,579.99,9,565,0.9742
collectorcrypt,86233166,48,685.44,48,585,0.8535
collectorcrypt,86927355,6,900,6,1000,1.1111
collectorcrypt,87768174,4,1000,13,975,0.975
collectorcrypt,87823183,8,1000,5,1101,1.101
collectorcrypt,87847476,17,1125,32,1000,0.8889
collectorcrypt,87850480,5,1550,11,2000,1.2903
collectorcrypt,87975598,21,4300,4,2775,0.6453
collectorcrypt,88178048,22,620,26,560,0.9032
collectorcrypt,88576088,61,990,7,811.99,0.8202
collectorcrypt,88699396,4,3650.345,7,4350,1.1917
collectorcrypt,89285526,20,925,20,899.995,0.973
collectorcrypt,89800096,5,960,5,1050,1.0938
collectorcrypt,90832068,5,8159.58,10,7700,0.9437
collectorcrypt,90927754,4,985,6,1075,1.0914
collectorcrypt,90975123,10,1594.5,15,1675,1.0505
collectorcrypt,91169135,18,600,24,638.5,1.0642
collectorcrypt,91193957,80,1550,14,1400,0.9032
collectorcrypt,91228429,11,1550,21,1400,0.9032
collectorcrypt,91230836,51,595,20,500.5,0.8412
collectorcrypt,91407708,12,567.5,17,690,1.2159
collectorcrypt,91564783,3,5100,8,4085.5,0.8011
collectorcrypt,91631633,35,780,46,695.5,0.8917
collectorcrypt,91797537,12,4434.5,21,3950,0.8907
collectorcrypt,91996280,19,1375,8,1232.5,0.8964
collectorcrypt,92037438,13,1150,6,1075,0.9348
collectorcrypt,92597593,3,1125,3,1517,1.3484
collectorcrypt,92651274,12,4434.5,18,3974.995,0.8964
collectorcrypt,92848541,33,559.45,28,502.495,0.8982
collectorcrypt,92860140,7,2310,4,2287.5,0.9903
collectorcrypt,93075987,38,3800,36,3401.94,0.8952
collectorcrypt,93156608,4,3800,8,3587.495,0.9441
collectorcrypt,93180554,74,1550,58,1407.5,0.9081
collectorcrypt,93199023,35,1249.99,16,1400,1.12
collectorcrypt,93259109,13,1150,6,1075,0.9348
collectorcrypt,93491339,50,1525,45,1283.74,0.8418
collectorcrypt,93629975,30,3700,20,2885.44,0.7798
collectorcrypt,93991173,13,550,8,449.9,0.818
collectorcrypt,94073216,16,910,8,809.5,0.8896
collectorcrypt,94165771,37,871,30,750,0.8611
collectorcrypt,94667583,35,780,20,692.5,0.8878
collectorcrypt,94912551,3,1400,5,1325,0.9464
collectorcrypt,94972160,5,2125,8,3625,1.7059
collectorcrypt,95014043,13,1150,6,1075,0.9348
collectorcrypt,95025491,14,4800,13,3600,0.75
collectorcrypt,95206387,33,3000,9,2407.82,0.8026
collectorcrypt,95877444,12,630,14,567.5,0.9008
collectorcrypt,96635336,3,1155.47,4,637.5,0.5517
collectorcrypt,97141332,12,630,14,567.5,0.9008
collectorcrypt,97193519,4,2398,5,2500,1.0425
collectorcrypt,97257459,7,430,6,517.205,1.2028
collectorcrypt,97412706,9,822,4,765.455,0.9312
collectorcrypt,97625538,47,688.88,34,577,0.8376
collectorcrypt,98031517,47,3700,72,2900,0.7838
collectorcrypt,98115037,3,5850,6,5095,0.8709
collectorcrypt,98459754,5,15900,17,15600,0.9811
collectorcrypt,98634968,12,1750,10,1912.5,1.0929
collectorcrypt,98650117,3,910,20,829.5,0.9115
collectorcrypt,98848193,4,1399.995,8,1379.5,0.9854
collectorcrypt,99059711,5,800,3,637.77,0.7972
collectorcrypt,99169834,24,3735.235,69,2900,0.7764
collectorcrypt,99635105,11,1050,13,1005,0.9571
collectorcrypt,99859586,4,1125,8,1916.96,1.704
phygitals,0013245176,3,1136,4,1337.5,1.1774
phygitals,100301804,5,2240,9,2070,0.9241
phygitals,10075313,3,3350,19,3600,1.0746
phygitals,101052061,5,550,20,460,0.8364
phygitals,101343021,24,3412.5,29,3601,1.0552
phygitals,105594426,3,1768.43,3,3000,1.6964
phygitals,107175454,5,2370,4,1595,0.673
phygitals,108225079,19,1625.01,19,1386.83,0.8534
phygitals,111120183,4,495,3,610,1.2323
phygitals,113080619,15,995,20,1092.28,1.0978
phygitals,124339372,26,899.705,25,800,0.8892
phygitals,127155429,20,1250,26,1167.345,0.9339
phygitals,127309438,64,3300,25,2620,0.7939
phygitals,130185461,4,5850,6,5095,0.8709
phygitals,136003383,3,1425,7,2000,1.4035
phygitals,142059740,5,1440,7,910,0.6319
phygitals,144890830,28,1375.5,19,1233.88,0.897
phygitals,147779308,7,1710,18,910,0.5322
phygitals,151240505,4,1009.995,4,1187.5,1.1757
phygitals,152355807,5,1626,4,1362.475,0.8379
phygitals,156025518,26,1014.5,27,850,0.8379
phygitals,156188662,20,1950,60,1699.995,0.8718
phygitals,156603287,3,3550,4,2775,0.7817
phygitals,159111026,16,2220,11,2160,0.973
phygitals,159915556,20,2392.5,22,1925,0.8046
phygitals,159992171,3,540,3,530,0.9815
phygitals,162283231,20,6900,32,5300,0.7681
phygitals,26031933,18,3475,21,3600,1.036
phygitals,29039255,4,4572.6,10,6182.975,1.3522
phygitals,41212941,4,2065,5,2175,1.0533
phygitals,41592726,3,1425,7,2000,1.4035
phygitals,4298318029,3,1420,4,1337.5,0.9419
phygitals,44231729,6,1680.88,5,1900,1.1304
phygitals,44940465,6,3471,6,4749.5,1.3683
phygitals,48198589,5,960,6,1437,1.4969
phygitals,49658735,7,1925,6,1677.83,0.8716
phygitals,49814935,3,660,3,750,1.1364
phygitals,50116700,4,658.015,4,854.495,1.2986
phygitals,51355186,6,2900,4,2547.58,0.8785
phygitals,6079753055,4,689.5,3,501.01,0.7266
phygitals,6204957034,5,789.99,5,456,0.5772
phygitals,71249634,3,700,5,899,1.2843
phygitals,82128289,3,898.88,3,1149.95,1.2793
phygitals,82283688,19,2225,18,2699.99,1.2135
phygitals,83688235,5,1599.99,4,1332.77,0.833
phygitals,83848917,11,2425,11,1800,0.7423
phygitals,83918044,5,6300,6,6349.5,1.0079
phygitals,84200505,6,2440,4,1595,0.6537
phygitals,91512882,3,2550,4,2176,0.8533
phygitals,94914185,9,1400,3,1250,0.8929
phygitals,96414777,3,898.88,3,1149.95,1.2793
phygitals,98763759,25,2169,25,2099,0.9677
courtyard,0016927716,3,3758.4,3,3650,0.9712
courtyard,0018784017,3,1024.8,4,881.5,0.8602
courtyard,0020180574,4,2250,6,1625,0.7222
courtyard,0020403663,3,3758.4,3,3650,0.9712
courtyard,103372426,4,8550,4,5820,0.6807
courtyard,107087768,11,1200,8,952.5,0.7937
courtyard,107127580,12,715,4,746.755,1.0444
courtyard,107720833,3,2350,3,2880,1.2255
courtyard,112451211,8,898.5,10,881.25,0.9808
courtyard,120133249,3,1200,3,2700,2.25
courtyard,120441025,6,870,10,881.25,1.0129
courtyard,120519401,4,9800,6,8575,0.875
courtyard,121126687,4,420,4,516.705,1.2302
courtyard,122371366,8,1137.5,3,1075,0.9451
courtyard,122680647,4,645.425,5,700,1.0846
courtyard,122776958,8,5019.4,4,4209,0.8385
courtyard,123948786,5,1350,6,1393.89,1.0325
courtyard,125481883,3,1125,3,1050,0.9333
courtyard,126089042,13,1551,6,770,0.4965
courtyard,129421404,7,960,5,1009,1.051
courtyard,130201512,12,4434.5,21,3950,0.8907
courtyard,131540614,4,465.38,4,627.995,1.3494
courtyard,133279399,3,840,6,833.5,0.9923
courtyard,133973543,3,1800,5,1899,1.055
courtyard,136236007,7,635.39,5,500,0.7869
courtyard,136969398,6,775,3,750,0.9677
courtyard,137334295,5,960,3,799,0.8323
courtyard,137944231,8,1969.44,8,1700,0.8632
courtyard,138401096,5,1062.79,5,800,0.7527
courtyard,139743882,3,569.05,12,578.175,1.016
courtyard,140173900,13,810,10,649,0.8012
courtyard,144655256,13,2600,22,2250,0.8654
courtyard,144890597,4,673.5,7,575,0.8537
courtyard,145874039,3,988,6,1000,1.0121
courtyard,146569435,13,1575,3,806,0.5117
courtyard,146690485,3,650.65,4,582.5,0.8953
courtyard,148126781,3,780,3,730,0.9359
courtyard,148156972,7,1000,15,831,0.831
courtyard,148969347,6,967.5,3,799,0.8258
courtyard,149420193,3,1177.76,4,797,0.6767
courtyard,149646351,13,800,4,672.5,0.8406
courtyard,151321647,5,1363,5,1075,0.7887
courtyard,152083851,8,1200,8,952.5,0.7937
courtyard,152083852,8,1200,8,952.5,0.7937
courtyard,152419166,11,1200,8,952.5,0.7937
courtyard,152791578,3,540,4,545,1.0093
courtyard,153266265,12,715,5,750,1.049
courtyard,153659107,10,1077.5,7,967.2,0.8976
courtyard,153968154,4,2062.5,5,1830,0.8873
courtyard,154253626,5,1000,5,750,0.75
courtyard,154656736,4,645,3,633,0.9814
courtyard,155206740,11,2000,4,2150.195,1.0751
courtyard,155346064,6,1750,8,1203,0.6874
courtyard,156864716,3,1280,4,1312.5,1.0254
courtyard,157363403,10,974,38,1052.5,1.0806
courtyard,158116857,7,1159.2,3,940,0.8109
courtyard,158753730,3,1676,4,1390,0.8294
courtyard,161295218,14,1162.5,6,890.5,0.766
courtyard,161904591,4,690,4,620,0.8986
courtyard,165892383,4,600.5,3,680,1.1324
courtyard,20661240,3,8400,3,5400,0.6429
courtyard,25558295,3,3000,3,4000,1.3333
courtyard,27285053,3,1099.99,9,1282.49,1.1659
courtyard,27894771,3,577.46,3,600,1.039
courtyard,28956824,4,775,4,908.065,1.1717
courtyard,40927462,4,590,12,700.5,1.1873
courtyard,41634276,3,550,5,648.76,1.1796
courtyard,43577106,3,2475,7,7500,3.0303
courtyard,44113567,4,810,4,775,0.9568
courtyard,46721566,3,673.2,4,779,1.1572
courtyard,47696821,3,6400,6,5819.5,0.9093
courtyard,52352144,5,1350,6,1393.89,1.0325
courtyard,52890092,6,2525,4,2255.5,0.8933
courtyard,53947437,3,7400,3,10500,1.4189
courtyard,54001977,4,3300,3,3000,0.9091
courtyard,54191398,3,7845.6,5,6900,0.8795
courtyard,55048324,3,660,4,750,1.1364
courtyard,59659716,3,860,5,676,0.786
courtyard,62003957,4,682.5,8,532.92,0.7808
courtyard,63249036,3,5450,6,3520,0.6459
courtyard,65242671,4,645.425,5,700,1.0846
courtyard,65444624,10,871.5,11,720.87,0.8272
courtyard,65626361,3,740,5,750,1.0135
courtyard,69992730,4,677.26,5,750,1.1074
courtyard,71306160,5,2104,5,2460,1.1692
courtyard,72825046,4,3300,6,3373.32,1.0222
courtyard,80139933,3,1177.76,4,797,0.6767
courtyard,83284156,5,1005.76,3,877,0.872
courtyard,84295744,3,750,3,826.16,1.1015
courtyard,84331721,12,5087.495,11,3721.83,0.7316
courtyard,85110131,5,800,3,771.32,0.9642
courtyard,85335947,5,806.22,4,835,1.0357
courtyard,86487925,6,722.5,3,799.6,1.1067
courtyard,87698092,3,1225,5,1295,1.0571
courtyard,87870581,4,930,4,874.99,0.9408
courtyard,90910067,3,2076,4,2287.5,1.1019
courtyard,93474477,3,540,4,545,1.0093
courtyard,94639315,10,871.5,11,720.87,0.8272
courtyard,94750113,3,998,6,946.5,0.9484
courtyard,95077436,4,2360,3,1675,0.7097
courtyard,95085585,3,2650,3,7500,2.8302
courtyard,98046545,3,3000,3,4000,1.3333
courtyard,98692030,4,1523.24,6,1512.5,0.9929
